iter,global_step,episode_return,mean_step_reward,episode_return_gap_to_zero,episode_return_delta_from_start,pursuer_target_distance,capture,task_score,eval_mean_return,eval_mean_step_reward,eval_optimized_mean_return,eval_optimized_mean_step_reward,eval_mean_episode_length,eval_pursuer_target_distance,eval_capture,eval_task_score,eval_return_gap_to_zero,eval_return_delta_from_start,episodes_completed,td_loss,q_tot_mean,target_mean,grad_norm,mixer_w_min,epsilon,updates,buffer_size,lr,seed,alpha,env_alpha,capture_rate,detection_event_rate,capture_without_recent_detection_rate,window_open,steps_since_detection
624,20000,-92.30896615982056,-0.85829525680542,92.30896615982056,0.0,6.585714922332763,0.0,0.0,-60.45195807516575,-0.6045195807516575,-60.45195807516575,-0.6045195807516575,100.0,5.945195935964584,0.0,0.0,60.45195807516575,0.0,192,0.402680511620126,11.29965477762446,11.280957653070056,52.267009657837434,7.450580596923828e-09,0.6206004120082402,469,20000,0.0005,0,0.0,0.0,0.0,0.0548,0.0,0.06285,50.56625
1249,40000,-92.23818862438202,-0.8524413299560547,92.23818862438202,0.0707775354385376,6.930557572174072,0.0,0.0,-72.97792886197567,-0.7297792886197567,-72.97792886197567,-0.7297792886197567,100.0,6.558815610408783,0.0,0.0,72.97792886197567,-12.525970786809921,384,0.09217514196038246,11.574230419921875,11.56598832244873,27.81416259918213,0.0,0.24059281185623715,1094,40000,0.0005,0,0.0,0.0,0.0,0.04265,0.0,0.05035,51.34265
1874,60000,-84.46661072969437,-0.8641127303600311,84.46661072969437,7.84235543012619,6.913359000396729,0.0004,5.0547435037377476e-05,-47.00507090240717,-0.4700507090240717,-47.00507090240717,-0.4700507090240717,100.0,4.600507078170776,0.0,0.0,47.00507090240717,13.44688717275858,576,0.14058667816519738,11.435427883911133,11.432108999633789,35.420791412353516,1.862645149230957e-09,0.050000000000000044,1719,60000,0.0005,0,0.0,0.0,0.005208333333333333,0.05715,0.0,0.06765,50.4605
2499,80000,-83.27873134613037,-0.8582504102230072,83.27873134613037,9.030234813690186,6.925187966918945,0.00145,0.00018296096017565028,-47.44633957743645,-0.47446339577436447,-47.44633957743645,-0.47446339577436447,100.0,4.485705742239952,0.0,0.0,47.44633957743645,13.005618497729301,800,0.17028366354703903,10.40336483001709,10.399604318237305,40.33309632263184,1.1175870895385742e-08,0.050000000000000044,2344,80000,0.0005,0,0.0,0.0,0.008928571428571428,0.05255,0.0,0.0606,51.577
3124,100000,-68.69390344619751,-0.6874403010845185,68.69390344619751,23.615062713623047,5.679004889678955,0.00075,0.00011229217711143954,-31.9965293481946,-0.31996529348194597,-31.9965293481946,-0.31996529348194597,100.0,3.099652943611145,0.0,0.0,31.9965293481946,28.45542872697115,992,0.19687232357263565,8.681651550292969,8.676895420837402,44.96567077026367,3.725290298461914e-08,0.050000000000000044,2969,100000,0.0005,0,0.0,0.0,0.010416666666666666,0.09825,0.0,0.1168,43.3976
3749,120000,-60.974580734968185,-0.5780323948979378,60.974580734968185,31.33438542485237,4.779034676742554,0.0013,0.00022495106409930142,-36.163326270878315,-0.36163326270878315,-36.163326270878315,-0.36163326270878315,100.0,3.516332598924637,0.0,0.0,36.163326270878315,24.288631804287434,1184,0.23224794516563416,7.691374599456787,7.688257091522217,49.24097696838379,1.4901161193847656e-08,0.050000000000000044,3594,100000,0.0005,0,0.0,0.0,0.015625,0.1574,0.0,0.17765,40.4961
4374,140000,-45.87298467755318,-0.5108228564500809,45.87298467755318,46.43598148226738,4.253116957855225,0.0007,0.0001332542194693111,-29.751422870904207,-0.2975142287090421,-29.751422870904207,-0.2975142287090421,100.0,2.8751422671973703,0.0,0.0,29.751422870904207,30.70053520426154,1376,0.27712141071558,7.322813535308838,7.318698921966552,55.385924908447265,1.5273690223693848e-07,0.050000000000000044,4219,100000,0.0005,0,0.0,0.0,0.010416666666666666,0.19405,0.0,0.22365,36.03755
4999,160000,-47.817207366228104,-0.4015255365848541,47.817207366228104,44.49175879359245,3.6406764194488526,0.00235,0.0005063916954328603,-28.014856480062008,-0.28014856480062006,-28.014856480062008,-0.28014856480062006,100.0,2.701485619544983,0.0,0.0,28.014856480062008,32.43710159510374,1600,0.3266285884141922,7.0571945243835446,7.0529451644897465,64.27126053771973,1.4901161193847656e-08,0.050000000000000044,4844,100000,0.0005,0,0.0,0.0,0.022321428571428572,0.3268,0.0,0.35755,27.36335
5624,180000,-30.46962869912386,-0.40037036390304565,30.46962869912386,61.8393374606967,3.3602186363220214,0.0008,0.000183477037902582,-27.7353492975235,-0.277353492975235,-27.7353492975235,-0.277353492975235,100.0,2.673534905910492,0.0,0.0,27.7353492975235,32.71660877764225,1792,0.36170175380706787,7.204458905792237,7.20188080291748,66.92746118164062,0.0,0.050000000000000044,5469,100000,0.0005,0,0.0,0.0,0.015625,0.41775,0.0,0.43685,22.46905
6249,200000,-37.925773203372955,-0.37732324488162994,37.925773203372955,54.3831929564476,3.1282649005889893,0.0,0.0,-26.842735156416893,-0.2684273515641689,-26.842735156416893,-0.2684273515641689,100.0,2.5842734479904177,0.0,0.0,26.842735156416893,33.609222918748856,1984,0.3570956520318985,7.472085224151611,7.471250128936767,67.03984638061523,2.2351741790771484e-08,0.050000000000000044,6094,100000,0.0005,0,0.0,0.0,0.005208333333333333,0.4805,0.0,0.49685,19.93855
6874,220000,-43.423530504107475,-0.3474458048343658,43.423530504107475,48.88543565571308,3.1692945945739748,0.00505,0.001211236070142944,-16.076225243508816,-0.16076225243508815,-16.076225243508816,-0.16076225243508815,100.0,1.507622537240386,0.0,0.0,16.076225243508816,44.37573283165693,2176,0.4101890832424164,8.041441050720215,8.039446021270752,74.00639774169922,9.313225746154785e-08,0.050000000000000044,6719,100000,0.0005,0,0.0,0.0,0.041666666666666664,0.4931,0.0,0.5075,20.13225
7499,240000,-30.814210668206215,-0.31133275693655016,30.814210668206215,61.49475549161434,3.067803224182129,0.00565,0.0013889560749674628,-14.217971490696073,-0.1421797149069607,-14.217971490696073,-0.1421797149069607,100.0,1.3217971403896809,0.0,0.0,14.217971490696073,46.233986584469676,2400,0.5067840107917786,7.977071743011475,7.976628579711914,79.03039068603516,4.284083843231201e-08,0.050000000000000044,7344,100000,0.0005,0,0.0,0.0,0.03571428571428571,0.5485,0.0,0.56705,16.99395
8124,260000,-20.39507445693016,-0.28604647076129913,20.39507445693016,71.9138917028904,2.9210741870880126,0.00665,0.001695963831007907,-24.010327734053135,-0.24010327734053136,-24.010327734053135,-0.24010327734053136,100.0,2.301032721400261,0.0,0.0,24.010327734053135,36.441630341112614,2592,0.5694354530096054,8.34426775970459,8.344205237579345,84.11779604187012,8.381903171539307e-09,0.050000000000000044,7969,100000,0.0005,0,0.0,0.0,0.041666666666666664,0.5477,0.0,0.5603,16.00395
8749,280000,-24.358755439519882,-0.31624599472284315,24.358755439519882,67.95021072030067,2.7813984006881713,0.00345,0.0009123608872770824,-21.554938465356827,-0.21554938465356827,-21.554938465356827,-0.21554938465356827,100.0,2.055493825376034,0.0,0.0,21.554938465356827,38.89701960980892,2784,0.726144127202034,8.308205964660644,8.307097245788574,94.23697749938965,4.284083843231201e-08,0.050000000000000044,8594,100000,0.0005,0,0.0,0.0,0.036458333333333336,0.55305,0.0,0.56835,16.53575
9374,300000,-23.275693953037262,-0.2981915166735649,23.275693953037262,69.0332722067833,2.7919235264778135,0.00445,0.0011735468737507613,-23.306717885658145,-0.23306717885658146,-23.306717885658145,-0.23306717885658146,100.0,2.2306717235594986,0.0,0.0,23.306717885658145,37.145240189507604,2976,0.8567095402240753,8.78519535446167,8.7866200881958,106.44200440063477,3.725290298461914e-08,0.050000000000000044,9219,100000,0.0005,0,0.0,0.0,0.015625,0.54575,0.0,0.5623,16.51845
9999,320000,-24.95421129465103,-0.24033360030651094,24.95421129465103,67.35475486516953,2.417190501308441,0.0048,0.0014046626894702186,-28.83193824440241,-0.2883193824440241,-28.83193824440241,-0.2883193824440241,100.0,2.720207931995392,0.0,0.0,28.83193824440241,31.62001983076334,3200,0.9259435295581817,8.945394473266601,8.942492388916015,113.7221072265625,1.4901161193847656e-08,0.050000000000000044,9844,100000,0.0005,0,0.0,0.0,0.044642857142857144,0.5917,0.0,0.6085,13.85185
10624,340000,-29.08005727827549,-0.33158305002450944,29.08005727827549,63.22890888154507,2.855336070537567,0.00155,0.0004020401779873567,-24.065901428461075,-0.24065901428461076,-24.065901428461075,-0.24065901428461076,100.0,2.264621061086655,0.0,0.0,24.065901428461075,36.386056646704674,3392,0.9381812278747559,8.599322750091552,8.604155185699463,115.69943883056641,1.4901161193847656e-08,0.050000000000000044,10469,100000,0.0005,0,0.0,0.0,0.03125,0.51765,0.0,0.5326,17.31705
11249,360000,-28.138782784342766,-0.3015444842815399,28.138782784342766,64.17018337547779,2.64447579498291,0.0027,0.0007408472855593932,-27.17167990654707,-0.2717167990654707,-27.17167990654707,-0.2717167990654707,100.0,2.6171679955720903,0.0,0.0,27.17167990654707,33.28027816861868,3584,0.8389687803506851,8.66581343536377,8.66691317062378,112.93233608398438,1.862645149230957e-08,0.050000000000000044,11094,100000,0.0005,0,0.0,0.0,0.020833333333333332,0.54985,0.0,0.56385,16.46095
11874,380000,-30.511010468006134,-0.33290257321596145,30.511010468006134,61.79795569181442,2.7938492845535277,0.00215,0.0005667067505168485,-20.331603325903416,-0.20331603325903416,-20.331603325903416,-0.20331603325903416,100.0,1.933160333186388,0.0,0.0,20.331603325903416,40.12035474926233,3776,0.8054825590372086,9.402482434082032,9.404355451965332,117.21548391723633,1.862645149230957e-08,0.050000000000000044,11719,100000,0.0005,0,0.0,0.0,0.03125,0.56545,0.0,0.5738,16.386
12499,400000,-20.880741328001022,-0.29004408147335053,20.880741328001022,71.42822483181953,2.679928337097168,0.00325,0.0008831693724132934,-30.66321013122797,-0.3066321013122797,-30.66321013122797,-0.3066321013122797,100.0,2.95773757815361,0.0,0.0,30.66321013122797,29.78874794393778,4000,0.8068366189956665,9.480852095794678,9.486320947265625,118.87414376220703,7.450580596923828e-09,0.050000000000000044,12344,100000,0.0005,0,0.0,0.0,0.026785714285714284,0.55515,0.0,0.57295,15.79805
13124,420000,-39.29624278843403,-0.3348852644324303,39.29624278843403,53.01272337138653,2.893251893234253,0.00165,0.00042381023505501733,-24.659858509898186,-0.24659858509898186,-24.659858509898186,-0.24659858509898186,100.0,2.1426811368763445,0.0,0.0,24.659858509898186,35.79209956526756,4192,0.8044234312057496,10.014179698944092,10.015334503173829,118.38915491333007,5.21540641784668e-08,0.050000000000000044,12969,100000,0.0005,0,0.0,0.0,0.020833333333333332,0.51245,0.0,0.5227,17.61355
13749,440000,-46.25090643763542,-0.3114460062384605,46.25090643763542,46.058059722185135,2.95771244058609,0.0049,0.0012380889399014466,-27.143533766269684,-0.27143533766269684,-27.143533766269684,-0.27143533766269684,100.0,2.6143533217906954,0.0,0.0,27.143533766269684,33.308424308896065,4384,0.7928049790382385,10.357929797363282,10.359204445648194,118.11692631835938,4.470348358154297e-08,0.050000000000000044,13594,100000,0.0005,0,0.0,0.0,0.041666666666666664,0.49725,0.0,0.5098,19.26305
14374,460000,-22.720789566636086,-0.24256378170251847,22.720789566636086,69.58817659318447,2.371492483329773,0.0039,0.0011567577324533315,-22.87052647396922,-0.22870526473969222,-22.87052647396922,-0.22870526473969222,100.0,2.187052658200264,0.0,0.0,22.87052647396922,37.58143160119653,4576,0.8240012087583541,10.370018742370606,10.37027873916626,117.54874430541992,3.725290298461914e-08,0.050000000000000044,14219,100000,0.0005,0,0.0,0.0,0.041666666666666664,0.57985,0.0,0.595,14.6756
14999,480000,-19.708106607198715,-0.29758872233629224,19.708106607198715,72.60085955262184,2.5976408670425415,0.0024,0.0006671038296195839,-19.77673650160432,-0.1977673650160432,-19.77673650160432,-0.1977673650160432,100.0,1.8776736230403186,0.0,0.0,19.77673650160432,40.67522157356143,4800,0.8253125299453735,10.862132151794434,10.860863872528077,112.09449501342773,1.1920928955078125e-07,0.050000000000000044,14844,100000,0.0005,0,0.0,0.0,0.013392857142857142,0.5488,0.0,0.5633,16.7681
15624,500000,-24.3074471950531,-0.3349431765317917,24.3074471950531,68.00151896476746,2.9651699647903444,0.00265,0.0006683193970324843,-20.957589730620384,-0.20957589730620385,-20.957589730620384,-0.20957589730620385,100.0,1.9957589423656463,0.0,0.0,20.957589730620384,39.494368344545364,4992,0.8392548842906952,10.541408403015136,10.538588399505615,120.97980979614258,7.450580596923828e-09,0.050000000000000044,15469,100000,0.0005,0,0.0,0.0,0.03125,0.50635,0.0,0.51615,18.2018
16249,520000,-26.89607347548008,-0.3375759689569473,26.89607347548008,65.41289268434048,3.1165196779251096,0.00355,0.0008623789700403768,-26.510840352624655,-0.26510840352624654,-26.510840352624655,-0.26510840352624654,100.0,2.294205937683582,0.0,0.0,26.510840352624655,33.941117722541094,5184,0.8556098035335541,10.866778221130371,10.86288065032959,123.29968399047851,4.0978193283081055e-08,0.050000000000000044,16094,100000,0.0005,0,0.0,0.0,0.03125,0.48135,0.0,0.497,19.636
16874,540000,-25.099298506975174,-0.27158537864685056,25.099298506975174,67.20966765284538,2.660345018386841,0.0055,0.0015025905952504766,-36.2036926522851,-0.36203692652285097,-36.2036926522851,-0.36203692652285097,100.0,3.4102670311927796,0.0,0.0,36.2036926522851,24.24826542288065,5376,0.9162288134098053,11.453793083953858,11.455133805847169,134.90683915405273,4.0978193283081055e-08,0.050000000000000044,16719,100000,0.0005,0,0.0,0.0,0.03125,0.55595,0.0,0.57435,15.62715
17499,560000,-32.709745705127716,-0.30272211722135545,32.709745705127716,59.59922045469284,2.7360960954666136,0.00265,0.0007092965310007724,-28.190665170550346,-0.28190665170550344,-28.190665170550346,-0.28190665170550344,100.0,2.719066537618637,0.0,0.0,28.190665170550346,32.2612929046154,5600,0.916675256729126,11.753053726196288,11.754661547851562,132.78044102783204,7.450580596923828e-09,0.050000000000000044,17344,100000,0.0005,0,0.0,0.0,0.026785714285714284,0.5194,0.0,0.53675,17.81225
18124,580000,-30.609072670340538,-0.3312174733877182,30.609072670340538,61.69989348948002,3.020488151168823,0.00305,0.0007586143486365738,-25.372161868959665,-0.25372161868959664,-25.372161868959665,-0.25372161868959664,100.0,2.437216169461608,0.0,0.0,25.372161868959665,35.07979620620608,5792,0.8969540227413177,12.088089921569825,12.088182333374023,136.7383536010742,0.0,0.050000000000000044,17969,100000,0.0005,0,0.0,0.0,0.036458333333333336,0.48035,0.0,0.4944,18.7834
18749,600000,-37.46151065826416,-0.30366340420246124,37.46151065826416,54.8474555015564,2.7143297373771667,0.0033,0.0008884510082107732,-26.377003610134125,-0.26377003610134125,-26.377003610134125,-0.26377003610134125,100.0,2.5377003271877765,0.0,0.0,26.377003610134125,34.074954465031624,5984,0.9619061128616333,12.517489985656738,12.519716677856445,142.17996073608398,4.470348358154297e-08,0.050000000000000044,18594,100000,0.0005,0,0.0,0.0,0.036458333333333336,0.5244,0.0,0.5475,16.8629
19374,620000,-29.238007873296738,-0.32054247136116026,29.238007873296738,63.07095828652382,2.842916403579712,0.00195,0.0005074271192013329,-25.031241308897734,-0.25031241308897734,-25.031241308897734,-0.25031241308897734,100.0,2.403124124854803,0.0,0.0,25.031241308897734,35.420716766268015,6176,1.0146433655261993,13.305837133789062,13.306006553649903,153.78977761230468,5.029141902923584e-08,0.050000000000000044,19219,100000,0.0005,0,0.0,0.0,0.020833333333333332,0.49665,0.0,0.5169,18.8671
19999,640000,-34.92591890692711,-0.317619691836834,34.92591890692711,57.38304725289345,2.8601624992370605,0.00315,0.0008160278228241894,-21.15880642645061,-0.2115880642645061,-21.15880642645061,-0.2115880642645061,100.0,2.0158806090056895,0.0,0.0,21.15880642645061,39.29315164871514,6400,0.946440639925003,13.739923561096191,13.738571612548828,148.49976326293947,1.862645149230957e-08,0.050000000000000044,19844,100000,0.0005,0,0.0,0.0,0.03571428571428571,0.487,0.0,0.5135,18.82915
20624,660000,-35.56187917292118,-0.3549729048013687,35.56187917292118,56.747086986899376,2.9539745900154113,0.001,0.0002529100724433594,-35.36675548553467,-0.3536675548553467,-35.36675548553467,-0.3536675548553467,100.0,3.4366755101084707,0.0,0.0,35.36675548553467,25.08520258963108,6592,0.9391267768144608,13.800685066223144,13.799772647094727,146.07414885253905,6.705522537231445e-08,0.050000000000000044,20469,100000,0.0005,0,0.0,0.0,0.026041666666666668,0.47245,0.0,0.4928,18.779
21249,680000,-13.41553883254528,-0.28601913979053495,13.41553883254528,78.89342732727528,2.94689578332901,0.00655,0.0016595320372192349,-41.78322022408247,-0.4178322022408247,-41.78322022408247,-0.4178322022408247,100.0,4.0783219784498215,0.0,0.0,41.78322022408247,18.66873785108328,6784,0.9137372784137726,13.950939321899414,13.950547787475585,144.8259963256836,2.9802322387695312e-08,0.050000000000000044,21094,100000,0.0005,0,0.0,0.0,0.0625,0.4753,0.0,0.49025,20.0256
21874,700000,-12.470012605190277,-0.2546731803536415,12.470012605190277,79.83895355463028,2.90361517868042,0.01,0.002561727922008031,-26.372268795967102,-0.263722687959671,-26.372268795967102,-0.263722687959671,100.0,2.5372267842292784,0.0,0.0,26.372268795967102,34.07968927919865,6976,0.9728436101913452,13.778206147766113,13.77901640777588,143.07796298828126,1.4901161193847656e-08,0.050000000000000044,21719,100000,0.0005,0,0.0,0.0,0.06770833333333333,0.49295,0.0,0.5138,19.2734
22499,720000,-36.79251977801323,-0.3225304778456688,36.79251977801323,55.51644638180733,3.0464567874908446,0.00545,0.0013468573337661845,-25.604293052107096,-0.25604293052107097,-25.604293052107096,-0.25604293052107097,100.0,2.2329790269583465,0.0,0.0,25.604293052107096,34.84766502305865,7200,1.110852281332016,13.210954743957519,13.210839094543458,146.23041892089844,1.0803341865539551e-07,0.050000000000000044,22344,100000,0.0005,0,0.0,0.0,0.08035714285714286,0.45265,0.0,0.4737,21.1613
23124,740000,-33.354146897792816,-0.2440427931547165,33.354146897792816,58.95481926202774,2.8228130128860474,0.00975,0.0025504778724814475,-30.941043436527252,-0.30941043436527255,-30.941043436527252,-0.30941043436527255,100.0,2.99410440325737,0.0,0.0,30.941043436527252,29.510914638638496,7392,1.2857024891614914,13.650933529663085,13.651169282531738,153.28549123535157,1.1175870895385742e-08,0.050000000000000044,22969,100000,0.0005,0,0.0,0.0,0.08333333333333333,0.47895,0.0,0.50245,18.57775
23749,760000,-41.48162552714348,-0.27063227488994596,41.48162552714348,50.82734063267708,3.024510321044922,0.01105,0.0027456756520706314,-26.90126658603549,-0.2690126658603549,-26.90126658603549,-0.2690126658603549,100.0,2.5901266328990458,0.0,0.0,26.90126658603549,33.55069148913026,7584,1.390348955154419,13.699663452148437,13.703012133789063,156.87638041992187,7.450580596923828e-08,0.050000000000000044,23594,100000,0.0005,0,0.0,0.0,0.0625,0.45535,0.0,0.47675,21.2496
24374,780000,-30.339266061782837,-0.27481416621208193,30.339266061782837,61.96970009803772,2.8130242155075074,0.0053,0.001389972814346415,-14.314988199621439,-0.1431498819962144,-14.314988199621439,-0.1431498819962144,100.0,1.331498809978366,0.0,0.0,14.314988199621439,46.13696987554431,7776,1.4971511514663696,13.802738958740234,13.807860643005371,163.1968887084961,6.332993507385254e-08,0.050000000000000044,24219,100000,0.0005,0,0.0,0.0,0.052083333333333336,0.4853,0.0,0.5066,19.8292
24999,800000,-27.273040890693665,-0.2942211589694023,27.273040890693665,65.03592526912689,2.8969818641662597,0.0053,0.001360026857896068,-14.88307799398899,-0.1488307799398899,-14.88307799398899,-0.1488307799398899,100.0,1.388307804465294,0.0,0.0,14.88307799398899,45.56888008117676,8000,1.500228234243393,14.83832389831543,14.841722338867188,172.70161680908203,4.470348358154297e-08,0.050000000000000044,24844,100000,0.0005,0,0.0,0.0,0.07142857142857142,0.5164,0.0,0.53615,18.3426
25624,820000,-32.468883752822876,-0.31091337571144106,32.468883752822876,59.84008240699768,2.9700495010375976,0.00605,0.001523910469735653,-42.4732031673193,-0.42473203167319296,-42.4732031673193,-0.42473203167319296,100.0,4.1357778814435004,0.0,0.0,42.4732031673193,17.97875490784645,8192,1.4994520627975463,15.916782374572755,15.913745274353028,175.2516198364258,3.725290298461914e-09,0.050000000000000044,25469,100000,0.0005,0,0.0,0.0,0.057291666666666664,0.48195,0.0,0.4975,19.944
26249,840000,-29.49733543395996,-0.28652243818044665,29.49733543395996,62.811630725860596,2.9621268014907836,0.0071,0.0017919668793357564,-21.58790970221162,-0.2158790970221162,-21.58790970221162,-0.2158790970221162,100.0,2.058790934979916,0.0,0.0,21.58790970221162,38.86404837295413,8384,1.501863994026184,16.168853952026367,16.17074443206787,174.9355457397461,1.862645149230957e-08,0.050000000000000044,26094,100000,0.0005,0,0.0,0.0,0.057291666666666664,0.50195,0.0,0.517,19.1657
26874,860000,-19.083826005458832,-0.23016364096403122,19.083826005458832,73.22514015436172,2.7262716287612916,0.0086,0.00230793695596981,-34.48474556207657,-0.3448474556207657,-34.48474556207657,-0.3448474556207657,100.0,3.34847452044487,0.0,0.0,34.48474556207657,25.96721251308918,8576,1.4558035317897797,16.421588024902345,16.422716973876952,172.1631457885742,8.940696716308594e-08,0.050000000000000044,26719,100000,0.0005,0,0.0,0.0,0.06770833333333333,0.5493,0.0,0.56265,16.56725
27499,880000,-22.260972291231155,-0.28687902928590775,22.260972291231155,70.0479938685894,3.077950657081604,0.0082,0.0020108139331603265,-31.571673452854156,-0.31571673452854154,-31.571673452854156,-0.31571673452854154,100.0,2.923837467133999,0.0,0.0,31.571673452854156,28.880284622311592,8800,1.355144524383545,16.98463531036377,16.989626690673827,170.30995235595702,4.9476511776447296e-08,0.050000000000000044,27344,100000,0.0005,0,0.0,0.0,0.07142857142857142,0.51165,0.0,0.52265,19.29835
28124,900000,-17.39443837106228,-0.20907963641881944,17.39443837106228,74.91452778875828,2.781748511695862,0.0135,0.0035697773022844797,-22.48314705863595,-0.2248314705863595,-22.48314705863595,-0.2248314705863595,100.0,2.148314732313156,0.0,0.0,22.48314705863595,37.9688110165298,8992,1.5442938130378723,17.148101264953613,17.152521705627443,182.49831180419923,1.2665987014770508e-07,0.050000000000000044,27969,100000,0.0005,0,0.0,0.0,0.078125,0.53735,0.0,0.54455,16.8909
28749,920000,-17.313512414693832,-0.2775740047097206,17.313512414693832,74.99545374512672,2.8898411260604857,0.0084,0.0021594712297433255,-19.216848846524954,-0.19216848846524953,-19.216848846524954,-0.19216848846524953,100.0,1.8216848528385163,0.0,0.0,19.216848846524954,41.235109228640795,9184,1.6699033484458923,17.698745930480957,17.707802111816406,193.8983900024414,6.705522537231445e-08,0.050000000000000044,28594,100000,0.0005,0,0.0,0.0,0.078125,0.498,0.0,0.51235,19.15215
29374,940000,-36.65377941727638,-0.30436297944784163,36.65377941727638,55.655186742544174,2.6902130977630616,0.0036,0.0009755534178181345,276.01023991778493,2.7601023991778493,276.01023991778493,2.7601023991778493,100.0,1.7155187037587165,0.295,0.10863486213211213,0.0,336.4621979929507,9376,1.6307197492599488,18.62769777832031,18.62787699127197,197.3270438720703,5.960464477539063e-08,0.050000000000000044,29219,100000,0.0005,0,0.0,0.0,0.041666666666666664,0.51895,0.0,0.53865,17.83275
29999,960000,-23.577153474092484,-0.2779788932442665,23.577153474092484,68.73181268572807,2.9659793840408324,0.00855,0.002155835714730476,5.018676113337278,0.05018676113337278,5.018676113337278,0.05018676113337278,100.0,2.3920688720047476,0.03,0.00884416004863418,0.0,65.47063418850303,9600,1.7093242712974548,18.24035871887207,18.2450172744751,203.5725451599121,2.384185791015625e-07,0.050000000000000044,29844,100000,0.0005,0,0.0,0.0,0.07589285714285714,0.4907,0.0,0.5112,19.42735
30624,980000,-33.051177620887756,-0.28195364062786105,33.051177620887756,59.2577885389328,3.0535491386413574,0.0095,0.0023436252220157246,-16.913398526608944,-0.16913398526608944,-16.913398526608944,-0.16913398526608944,100.0,1.5913398499786853,0.0,0.0,16.913398526608944,43.538559548556805,9792,1.810996005487442,17.724736932373048,17.729664485168456,212.1232778564453,0.0,0.050000000000000044,30469,100000,0.0005,0,0.0,0.0,0.08333333333333333,0.456,0.0,0.47635,20.04775
31249,1000000,-27.621824711561203,-0.2847120047330856,27.621824711561203,64.68714144825935,2.8079600498199464,0.007,0.0018382545794646623,33.92484502494335,0.3392484502494335,33.92484502494335,0.3392484502494335,100.0,2.3876278387755154,0.06,0.017711508718055484,0.0,94.3768031001091,9984,1.725397887802124,17.695286349487304,17.704385234069825,202.6173662475586,5.960464477539063e-08,0.050000000000000044,31094,100000,0.0005,0,0.0,0.0,0.078125,0.4826,0.0,0.5037,19.58445
31874,1020000,-29.81941071152687,-0.22751636118888854,29.81941071152687,62.489555448293686,2.761245572948456,0.0113,0.003004323908354083,-24.004723491612822,-0.24004723491612823,-24.004723491612822,-0.24004723491612823,100.0,1.638667548429221,0.0,0.0,24.004723491612822,36.44723458355293,10176,1.8229860851287842,19.1129270904541,19.120116784667967,215.97464862060548,1.2514647096395493e-08,0.050000000000000044,31719,100000,0.0005,0,0.0,0.0,0.109375,0.51785,0.0,0.53875,17.3167
32499,1040000,-13.605622619390488,-0.2356989925146103,13.605622619390488,78.70334354043007,2.789139109802246,0.01175,0.003100968230383399,273.80610970407724,2.7380610970407724,273.80610970407724,2.7380610970407724,100.0,1.8374267992377282,0.295,0.10396743982232473,0.0,334.258067779243,10400,1.8134426149368286,19.31748713531494,19.32043807220459,211.0193747314453,2.5331974029541016e-07,0.050000000000000044,32344,100000,0.0005,0,0.0,0.0,0.10267857142857142,0.4871,0.0,0.50805,19.1786
33124,1060000,-32.713175162673,-0.2861028373718262,32.713175162673,59.59579099714756,2.8970613561630247,0.00955,0.002450564445154837,-22.97768248617649,-0.2297768248617649,-22.97768248617649,-0.2297768248617649,100.0,2.12210033044219,0.0,0.0,22.97768248617649,37.47427558898926,10592,2.0686576197624205,19.788196176147462,19.795361457824708,229.52788149414062,1.4901161193847656e-08,0.050000000000000044,32969,100000,0.0005,0,0.0,0.0,0.0625,0.45015,0.0,0.47075,19.769
33749,1080000,-32.41675563156605,-0.28554432502985,32.41675563156605,59.89221052825451,2.8497011922836304,0.00865,0.0022469276361859265,19.044660985469818,0.1904466098546982,19.044660985469818,0.1904466098546982,100.0,1.9955338461324572,0.04,0.01335321250055115,0.0,79.49661906063557,10784,1.9040495244979858,19.878995484924317,19.882841845703126,210.59913067626954,2.9802322387695312e-08,0.050000000000000044,33594,100000,0.0005,0,0.0,0.0,0.09895833333333333,0.4348,0.0,0.45415,21.9208
34374,1100000,-11.682820171117783,-0.19929284341335296,11.682820171117783,80.62614598870277,2.769467172050476,0.01405,0.0037273172463675344,-25.594234235584736,-0.25594234235584734,-25.594234235584736,-0.25594234235584734,100.0,2.2112284057587384,0.0,0.0,25.594234235584736,34.85772383958101,10976,2.0332941506385804,19.753537040710448,19.757090678405763,225.95730051269533,7.450580596923828e-08,0.050000000000000044,34219,100000,0.0005,0,0.0,0.0,0.11458333333333333,0.4653,0.0,0.4888,20.07725
34999,1120000,-36.59421581029892,-0.23761107997894287,36.59421581029892,55.71475034952164,2.855648205757141,0.0128,0.00331980495027721,-43.64738727733493,-0.43647387277334926,-43.64738727733493,-0.43647387277334926,100.0,3.6257614070177078,0.0,0.0,43.64738727733493,16.80457079783082,11200,2.0917620092391966,20.281921366882326,20.283252786254884,233.49197221679688,1.862645149230957e-08,0.050000000000000044,34844,100000,0.0005,0,0.0,0.0,0.08928571428571429,0.4634,0.0,0.48495,20.9326
35624,1140000,-32.42599782347679,-0.30827297929525377,32.42599782347679,59.882968336343765,3.252280055999756,0.0092,0.002163545175492206,-30.215455695986748,-0.3021545569598675,-30.215455695986748,-0.3021545569598675,100.0,2.817490966618061,0.0,0.0,30.215455695986748,30.236502379179,11392,2.2763128929138183,22.361174371337892,22.363841125488282,260.74077740478515,2.60770320892334e-08,0.050000000000000044,35469,100000,0.0005,0,0.0,0.0,0.09375,0.3897,0.0,0.4108,24.09375
36249,1160000,-36.52492713928223,-0.3237248226881027,36.52492713928223,55.78403902053833,3.3427585275650022,0.01065,0.0024523583184284225,-35.70420944690704,-0.3570420944690704,-35.70420944690704,-0.3570420944690704,100.0,3.200179036259651,0.0,0.0,35.70420944690704,24.747748628258705,11584,2.1807738597869872,21.944978240966798,21.95205559387207,259.4462088623047,5.960464477539063e-08,0.050000000000000044,36094,100000,0.0005,0,0.0,0.0,0.08333333333333333,0.4106,0.0,0.43,24.24155
36874,1180000,-36.13760204613209,-0.25210915353298186,36.13760204613209,56.17136411368847,3.1240470329284666,0.01295,0.003140119377058672,-47.83340198174119,-0.4783340198174119,-47.83340198174119,-0.4783340198174119,100.0,4.611443180143834,0.0,0.0,47.83340198174119,12.618556093424559,11776,2.4490326907157898,22.478093280029295,22.482050158691408,283.58149993896484,2.60770320892334e-08,0.050000000000000044,36719,100000,0.0005,0,0.0,0.0,0.11979166666666667,0.42265,0.0,0.4518,22.86865
37499,1200000,-21.19755733013153,-0.22829906239509581,21.19755733013153,71.11140882968903,2.9032548734664916,0.0126,0.0032280751343326717,-46.7736263088882,-0.46773626308888194,-46.7736263088882,-0.46773626308888194,100.0,3.9383853055536746,0.0,0.0,46.7736263088882,13.678331766277552,12000,2.478999669265747,22.812927963256836,22.821729556274413,300.23233729248045,8.521601557731628e-08,0.050000000000000044,37344,100000,0.0005,0,0.0,0.0,0.09375,0.4439,0.0,0.4653,22.5647
38124,1220000,-26.775221943855286,-0.2305681928396225,26.775221943855286,65.53374421596527,2.8386982837677004,0.0111,0.0028916052212119413,-52.5090721398592,-0.525090721398592,-52.5090721398592,-0.525090721398592,100.0,4.863567036092281,0.0,0.0,52.5090721398592,7.942885935306549,12192,2.3263831815719604,22.438842037963866,22.444647512817383,279.0271548461914,3.3527612686157227e-08,0.050000000000000044,37969,100000,0.0005,0,0.0,0.0,0.08333333333333333,0.47285,0.0,0.49505,18.65845
38749,1240000,-22.463659912347794,-0.24564634907245636,22.463659912347794,69.84530624747276,3.0442790826797483,0.01195,0.0029547911397058936,-19.24028854817152,-0.1924028854817152,-19.24028854817152,-0.1924028854817152,100.0,1.824028832167387,0.0,0.0,19.24028854817152,41.21166952699423,12384,2.461323942565918,22.456340658569335,22.45709861450195,295.65656362304685,2.9802322387695312e-08,0.050000000000000044,38594,100000,0.0005,0,0.0,0.0,0.125,0.4434,0.0,0.4686,21.689
39374,1260000,-19.38235216587782,-0.16682311018705367,19.38235216587782,72.92661399394274,2.7209299634933473,0.0161,0.004326875312881385,-18.844933677464724,-0.18844933677464723,-18.844933677464724,-0.18844933677464723,100.0,1.7844933598488568,0.0,0.0,18.844933677464724,41.607024397701025,12576,2.62399507522583,22.557627111816405,22.566797033691405,300.8057518798828,2.9802322387695312e-08,0.050000000000000044,39219,100000,0.0005,0,0.0,0.0,0.11979166666666667,0.51065,0.0,0.5329,18.05835
39999,1280000,-38.11632597446442,-0.25494537788629534,38.11632597446442,54.19264018535614,2.975775407409668,0.0125,0.0031440407767258944,-25.594390530139208,-0.2559439053013921,-25.594390530139208,-0.2559439053013921,100.0,2.459439115971327,0.0,0.0,25.594390530139208,34.85756754502654,12800,2.6404428623199463,22.91932543334961,22.92702292175293,301.4168803466797,2.2351741790771484e-08,0.050000000000000044,39844,100000,0.0005,0,0.0,0.0,0.08482142857142858,0.4951,0.0,0.51335,19.9073
40624,1300000,-26.576670557260513,-0.28358740211725236,26.576670557260513,65.73229560256004,2.9513119667053225,0.0096,0.0024295727801023665,11.311448790133,0.11311448790133,11.311448790133,0.11311448790133,100.0,3.6914715521782635,0.05,0.010657636829703221,0.0,71.76340686529875,12992,2.6781992122650147,24.84620385131836,24.851283123779297,310.9845729736328,6.705522537231445e-08,0.050000000000000044,40469,100000,0.0005,0,0.0,0.0,0.109375,0.4445,0.0,0.4668,20.3024
41249,1320000,-27.707565903663635,-0.24906176055669785,27.707565903663635,64.60140025615692,3.0678296632766724,0.01215,0.002986850730178576,-28.351232666522264,-0.28351232666522264,-28.351232666522264,-0.28351232666522264,100.0,2.735123273730278,0.0,0.0,28.351232666522264,32.100725408643484,13184,2.7320691722869874,26.066032345581053,26.073413482666016,312.7989873046875,2.9802322387695312e-08,0.050000000000000044,41094,100000,0.0005,0,0.0,0.0,0.109375,0.469,0.0,0.4885,20.41045
41874,1340000,5.26505583524704,-0.2343227002263069,0.0,97.5740219950676,3.0395357625961306,0.01325,0.0032800798850916675,-9.186290986835957,-0.09186290986835957,-9.186290986835957,-0.09186290986835957,100.0,4.7761430940032,0.04,0.006925036196130261,9.186290986835957,51.26566708832979,13376,2.8077422206878664,26.30044071960449,26.30785576477051,339.86348264160154,2.0116567611694336e-07,0.050000000000000044,41719,100000,0.0005,0,0.0,0.0,0.125,0.4784,0.0,0.5014,20.00585
42499,1360000,-18.22734684869647,-0.16029677869081496,18.22734684869647,74.08161931112409,2.918919664955139,0.0195,0.004975861121721469,-49.52391880750656,-0.4952391880750656,-49.52391880750656,-0.4952391880750656,100.0,4.599166382849217,0.0,0.0,49.52391880750656,10.928039267659187,13600,2.8904143169403076,26.96264902648926,26.965654629516603,341.7006618896484,1.1920928955078125e-07,0.050000000000000044,42344,100000,0.0005,0,0.0,0.0,0.13392857142857142,0.4601,0.0,0.48995,20.3382
43124,1380000,-28.63599243760109,-0.3014027121543884,28.63599243760109,63.67297372221947,3.1644823490142824,0.0111,0.0026653972978483943,-0.7823383584618568,-0.007823383584618569,-0.7823383584618568,-0.007823383584618569,100.0,3.9678756847977636,0.04,0.008051731270652429,0.7823383584618568,59.66961971670389,13792,2.9219404542922973,28.292325302124024,28.29949393005371,351.32631806640626,5.960464477539063e-08,0.050000000000000044,42969,100000,0.0005,0,0.0,0.0,0.14583333333333334,0.42355,0.0,0.44825,21.51385
43749,1400000,-21.873363718390465,-0.27176275533437727,21.873363718390465,70.43560244143009,2.903431958389282,0.0107,0.002741177536604292,-38.43807849660516,-0.3843807849660516,-38.43807849660516,-0.3843807849660516,100.0,3.743807816952467,0.0,0.0,38.43807849660516,22.01387957856059,13984,2.993804896736145,29.394977087402342,29.406302835083007,365.08459809570314,2.9802322387695312e-08,0.050000000000000044,43594,100000,0.0005,0,0.0,0.0,0.10416666666666667,0.4298,0.0,0.4583,21.54805
44374,1420000,-36.970170587301254,-0.3333133903503418,36.970170587301254,55.3387955725193,3.200919258117676,0.00645,0.0015353782359744947,15.372562803328037,0.15372562803328038,15.372562803328037,0.15372562803328038,100.0,2.3627437114715577,0.04,0.01189504863648849,0.0,75.82452087849379,14176,2.85835503616333,30.340774447631837,30.34537473144531,349.4688939941406,7.450580596923828e-08,0.050000000000000044,44219,100000,0.0005,0,0.0,0.0,0.078125,0.4413,0.0,0.46865,21.8371
44999,1440000,-3.3848217129707336,-0.10066341277360916,3.3848217129707336,88.92414444684982,2.7310736951828,0.02495,0.006687083139690598,21.372238099575043,0.21372238099575042,21.372238099575043,0.21372238099575042,100.0,2.262776374220848,0.045,0.013791935100285875,0.0,81.82419617474079,14400,3.1139142456054687,31.506525802612305,31.512494915771484,380.9787214355469,8.940696716308594e-08,0.050000000000000044,44844,100000,0.0005,0,0.0,0.0,0.1875,0.491,0.0,0.5139,19.37645
45624,1460000,-35.52818650007248,-0.26888468166589735,35.52818650007248,56.78077965974808,3.006989291763306,0.0135,0.0033691130714400344,14.069956678897142,0.14069956678897141,14.069956678897142,0.14069956678897141,100.0,2.464635470658541,0.04,0.011545226139590668,0.0,74.52191475406289,14592,3.0874468648910525,33.23426143798828,33.2433928894043,375.2836643066406,1.4901161193847656e-07,0.050000000000000044,45469,100000,0.0005,0,0.0,0.0,0.16145833333333334,0.43595,0.0,0.4589,21.3215
46249,1480000,-33.58251141011715,-0.15944566370248794,33.58251141011715,58.72645474970341,2.697265634536743,0.0182,0.004922556775469667,19.098717760294676,0.19098717760294676,19.098717760294676,0.19098717760294676,100.0,1.981413446366787,0.04,0.013416455221514093,0.0,79.55067583546042,14784,3.219133935928345,35.56460703430176,35.56518108215332,396.95867470703126,2.9802322387695312e-08,0.050000000000000044,46094,100000,0.0005,0,0.0,0.0,0.13541666666666666,0.4713,0.0,0.49795,18.98955
46874,1500000,-29.876739621162415,-0.23595192272663115,29.876739621162415,62.43222653865814,2.917730148124695,0.01235,0.003152335544578432,-43.98075252585113,-0.4398075252585113,-43.98075252585113,-0.4398075252585113,100.0,4.298075239658356,0.0,0.0,43.98075252585113,16.471205549314618,14976,3.318023191833496,37.280834375,37.28967745056153,415.86934736328124,4.470348358154297e-08,0.050000000000000044,46719,100000,0.0005,0,0.0,0.0,0.109375,0.48325,0.0,0.50965,18.9537
47499,1520000,-39.479651033878326,-0.18962270759344102,39.479651033878326,52.82931512594223,3.0665615921020506,0.0216,0.005311612651324609,62.45556291937828,0.6245556291937828,62.45556291937828,0.6245556291937828,100.0,4.528871353566647,0.11,0.019895561492679615,0.0,122.90752099454403,15200,3.552797981262207,39.02914175720215,39.038933068847655,429.3797913330078,1.433363649994135e-09,0.050000000000000044,47344,100000,0.0005,0,0.0,0.0,0.15625,0.45055,0.0,0.47225,22.16715
48124,1540000,-24.004983633756638,-0.26888256851434705,24.004983633756638,68.30398252606392,3.290424302482605,0.015,0.0034961577089987162,269.677886698395,2.69677886698395,269.677886698395,2.69677886698395,100.0,2.180494744181633,0.295,0.0927528651130992,0.0,330.12984477356076,15392,3.5903401760101317,40.02381233825684,40.02005615234375,427.63156254882813,0.0,0.050000000000000044,47969,100000,0.0005,0,0.0,0.0,0.13020833333333334,0.37815,0.0,0.4041,23.2346
48749,1560000,-21.910298123955727,-0.1845274344086647,21.910298123955727,70.39866803586483,2.906261576652527,0.0188,0.0048127857367172705,-26.34573010355234,-0.2634573010355234,-26.34573010355234,-0.2634573010355234,100.0,2.5637331648170947,0.01,0.002806046226671755,26.34573010355234,34.10622797161341,15584,3.658066675376892,40.80723172607422,40.81174735107422,447.7170816162109,2.9802322387695312e-08,0.050000000000000044,48594,100000,0.0005,0,0.0,0.0,0.16145833333333334,0.4565,0.0,0.4783,20.72065
49374,1580000,-33.457613319158554,-0.1510084844827652,33.457613319158554,58.851352840662,2.882826732635498,0.02015,0.005189518200912106,16.82877109758556,0.1682877109758556,16.82877109758556,0.1682877109758556,100.0,2.216428884640336,0.04,0.012436152464310691,0.0,77.28072917275131,15776,3.6150104970932007,41.394845910644534,41.39897330932617,445.23154377441404,5.960464477539063e-08,0.050000000000000044,49219,100000,0.0005,0,0.0,0.0,0.16145833333333334,0.46355,0.0,0.48915,20.27455
49999,1600000,-10.26531571149826,-0.122551542699337,10.26531571149826,82.0436504483223,2.7820108439445494,0.02425,0.006411932963869509,-27.122392438352108,-0.27122392438352105,-27.122392438352108,-0.27122392438352105,100.0,2.456905027106404,0.0,0.0,27.122392438352108,33.32956563681364,16000,3.7355050989151,43.52398766479492,43.53271093139649,446.3428894042969,3.3527612686157227e-08,0.050000000000000044,49844,100000,0.0005,0,0.0,0.0,0.23214285714285715,0.4604,0.0,0.48795,20.2663
50624,1620000,-4.868468850851059,-0.1739056340456009,4.868468850851059,87.4404973089695,3.041514382171631,0.02215,0.005480618873388277,9.971055701375008,0.09971055701375008,9.971055701375008,0.09971055701375008,100.0,2.504004766494036,0.04,0.011415509585628323,0.0,70.42301377654076,16192,4.032171451568604,44.774780950927735,44.77234035644531,490.1541203125,5.960464477539063e-08,0.050000000000000044,50469,100000,0.0005,0,0.0,0.0,0.19270833333333334,0.40455,0.0,0.42765,22.76105
51249,1640000,3.468718081712723,-0.2040363798379898,0.0,95.77768424153328,3.1877426345825195,0.02,0.004775842678305807,-35.89191284775734,-0.3589191284775734,-35.89191284775734,-0.3589191284775734,100.0,2.6482642011344435,0.0,0.0,35.89191284775734,24.56004522740841,16384,4.158410275268555,46.44230765380859,46.4503504699707,514.390416821289,2.9802322387695312e-08,0.050000000000000044,51094,100000,0.0005,0,0.0,0.0,0.18229166666666666,0.4231,0.0,0.444,23.6199
51874,1660000,-25.581491470336914,-0.09199361183643341,25.581491470336914,66.72747468948364,2.7811085302352905,0.0277,0.007325893921980676,14.877533223479986,0.14877533223479986,14.877533223479986,0.14877533223479986,100.0,2.4072843056917193,0.04,0.01173955455762284,0.0,75.32949129864573,16576,4.307973620605469,50.585395599365235,50.58849393920899,533.7514979980468,2.5331974029541016e-07,0.050000000000000044,51719,100000,0.0005,0,0.0,0.0,0.24479166666666666,0.45665,0.0,0.4812,20.8465
52499,1680000,-26.582926332950592,-0.08082263895273209,26.582926332950592,65.72603982686996,2.8735535024642944,0.02795,0.007215596733650031,10.15862400457263,0.1015862400457263,10.15862400457263,0.1015862400457263,100.0,2.3841376300156116,0.035,0.010342368965602188,0.0,70.61058207973838,16800,4.620758308029175,52.01265633544922,52.0270599609375,550.175316772461,5.494803190231323e-08,0.050000000000000044,52344,100000,0.0005,0,0.0,0.0,0.21875,0.45525,0.0,0.4807,20.8016
53124,1700000,-0.5626068711280823,-0.18326404113769532,0.5626068711280823,91.74635928869247,3.0278033010482788,0.01955,0.004853762346068863,272.5521972235292,2.7255219722352924,272.5521972235292,2.7255219722352924,100.0,2.14478074003011,0.295,0.09380622192349584,0.0,333.00415529869497,16992,4.7444368236541745,52.961763842773436,52.96657748413086,606.0986080566406,2.9802322387695312e-08,0.050000000000000044,52969,100000,0.0005,0,0.0,0.0,0.16666666666666666,0.42805,0.0,0.44785,21.6122
53749,1720000,-25.061717361211777,-0.20642219709157944,25.061717361211777,67.24724879860878,3.1974839307785032,0.02185,0.005205499380184049,274.8924019224942,2.748924019224942,274.8924019224942,2.748924019224942,100.0,1.9091186466813088,0.295,0.10140528312124114,0.0,335.3443599976599,17184,4.7338899307250975,53.275815478515625,53.28328625488281,592.1948643066406,2.2351741790771484e-08,0.050000000000000044,53594,100000,0.0005,0,0.0,0.0,0.203125,0.3954,0.0,0.4173,25.2002
54374,1740000,-13.586066603660583,-0.013486668610572815,13.586066603660583,78.72289955615997,2.869195298576355,0.0356,0.009200879576458387,-17.170448273420334,-0.17170448273420333,-17.170448273420334,-0.17170448273420333,100.0,2.091281480193138,0.005,0.001617452189985497,17.170448273420334,43.281509801745415,17376,5.09407868347168,53.89932825317383,53.91169877929688,639.4389743408203,1.2665987014770508e-07,0.050000000000000044,54219,100000,0.0005,0,0.0,0.0,0.19791666666666666,0.4123,0.0,0.43735,22.84335
54999,1760000,-7.399656653404236,-0.05500592560768128,7.399656653404236,84.90930950641632,2.8300741704940795,0.03125,0.0081591109229012,8.39537526294589,0.08395375262945891,8.39537526294589,0.08395375262945891,100.0,3.0604623916000127,0.04,0.009851094811947791,0.0,68.84733333811164,17600,5.196596695899963,55.770602020263674,55.77331426391601,647.2533968261719,0.0,0.050000000000000044,54844,100000,0.0005,0,0.0,0.0,0.23214285714285715,0.42395,0.0,0.45985,21.5982
55624,1780000,-32.32755950093269,-0.22215796381235123,32.32755950093269,59.98140665888786,3.2696181964874267,0.02,0.004684259594090592,2.8733206316828728,0.028733206316828727,2.8733206316828728,0.028733206316828727,100.0,2.5643077272176744,0.03,0.008416781685519119,0.0,63.32527870684862,17792,5.346554444122314,55.91598502807617,55.930711584472654,690.6326568359375,1.4901161193847656e-07,0.050000000000000044,55469,100000,0.0005,0,0.0,0.0,0.14583333333333334,0.3479,0.0,0.38315,24.2859
56249,1800000,-19.88691771030426,-0.2120547063589096,19.88691771030426,72.4220484495163,3.1818895765304567,0.02285,0.005464037149196491,249.2810235619545,2.492810235619545,249.2810235619545,2.492810235619545,100.0,2.3382562497258186,0.275,0.0823783374995813,0.0,309.73298163712025,17984,5.351802145004273,54.82993706665039,54.837042578125,685.2108591796875,9.546056389808655e-09,0.050000000000000044,56094,100000,0.0005,0,0.0,0.0,0.17708333333333334,0.33915,0.0,0.36395,27.9833
56874,1820000,-3.2042317986488342,-0.12627612903118132,3.2042317986488342,89.10473436117172,3.028194145965576,0.02765,0.006864118013699206,21.02859728783369,0.21028597287833692,21.02859728783369,0.21028597287833692,100.0,1.7971403861045838,0.04,0.014300319068255882,0.0,81.48055536299944,18176,5.708356316375732,55.58574046020508,55.59096448974609,717.83467421875,2.9802322387695312e-08,0.050000000000000044,56719,100000,0.0005,0,0.0,0.0,0.21875,0.37115,0.0,0.4059,24.9851
57499,1840000,-31.547751367092133,-0.13039348785877228,31.547751367092133,60.761214792728424,3.1529118284225466,0.02705,0.006513502120336311,9.376769050955772,0.09376769050955773,9.376769050955772,0.09376769050955773,100.0,2.385693981349468,0.035,0.01033761473801295,0.0,69.82872712612152,18400,5.793634083175659,56.43568063964844,56.43386199951172,766.8647272460937,2.9802322387695312e-08,0.050000000000000044,57344,100000,0.0005,0,0.0,0.0,0.20089285714285715,0.39275,0.0,0.42075,24.7761
58124,1860000,2.128597315400839,-0.21437210500240325,0.0,94.4375634752214,3.1878591787338255,0.02145,0.005121948729538055,-22.19504247792065,-0.2219504247792065,-22.19504247792065,-0.2219504247792065,100.0,2.119504241719842,0.0,0.0,22.19504247792065,38.2569155972451,18592,5.939724363708496,59.08225263671875,59.07630559082031,817.1499115234375,0.0,0.050000000000000044,57969,100000,0.0005,0,0.0,0.0,0.19270833333333334,0.32655,0.0,0.35325,26.34045
58749,1880000,-7.0144689083099365,-0.15938444982767105,7.0144689083099365,85.29449725151062,3.039256817626953,0.0238,0.005892173009683105,-51.636173874139786,-0.5163617387413979,-51.636173874139786,-0.5163617387413979,100.0,3.498381899744272,0.0,0.0,51.636173874139786,8.815784201025963,18784,5.905550477218628,62.839308288574216,62.84389461669922,817.5826520507812,2.9802322387695312e-08,0.050000000000000044,58594,100000,0.0005,0,0.0,0.0,0.234375,0.3542,0.0,0.3886,25.2544
59374,1900000,-7.112180858850479,-0.041641973423957826,7.112180858850479,85.19678530097008,2.9283831876754762,0.03535,0.008998612994502069,140.3910768609494,1.403910768609494,140.3910768609494,1.403910768609494,100.0,2.133231365159154,0.165,0.0526612882261948,0.0,200.84303493611515,18976,6.2331234672546385,66.11486943359375,66.12525397949219,881.3404505371094,2.5331974029541016e-07,0.050000000000000044,59219,100000,0.0005,0,0.0,0.0,0.2708333333333333,0.3734,0.0,0.4084,23.999
59999,1920000,-0.26066434383392334,-0.15385540133714676,0.26066434383392334,92.04830181598663,3.1734942918777467,0.02465,0.005906321723734627,-20.21782250702381,-0.2021782250702381,-20.21782250702381,-0.2021782250702381,100.0,1.8731056042015553,0.0,0.0,20.21782250702381,40.23413556814194,19200,6.139774931716919,70.80197509765625,70.81108460083007,890.7398569824219,0.0,0.050000000000000044,59844,100000,0.0005,0,0.0,0.0,0.21428571428571427,0.3683,0.0,0.40145,25.12195
60624,1940000,-8.520622786134481,-0.023685655748844146,8.520622786134481,83.78834337368608,3.174055368041992,0.03975,0.009523112775249632,175.52303183078766,1.7552303183078766,175.52303183078766,1.7552303183078766,100.0,1.7561251406371594,0.195,0.07075150439465169,0.0,235.9749899059534,19392,6.971683220291138,72.88512531738282,72.88507297973632,1031.951846826172,2.9802322387695312e-08,0.050000000000000044,60469,100000,0.0005,0,0.0,0.0,0.3489583333333333,0.3517,0.0,0.37895,24.84275
61249,1960000,7.896194711327553,-0.08472621805667878,0.0,100.20516087114811,3.1309057306289674,0.03255,0.007879627888541522,10.591961428523064,0.10591961428523064,10.591961428523064,0.10591961428523064,100.0,2.8304249335825444,0.04,0.010442705624983634,0.0,71.04391950368881,19584,6.912658205032349,74.50950346679687,74.51474319458008,1010.1363732421875,7.450580596923828e-09,0.050000000000000044,61094,100000,0.0005,0,0.0,0.0,0.22916666666666666,0.35015,0.0,0.3806,25.268
61874,1980000,-18.30688950419426,-0.05950923402309418,18.30688950419426,74.0020766556263,2.978225937461853,0.03295,0.008282586388500202,21.71837068349123,0.2171837068349123,21.71837068349123,0.2171837068349123,100.0,3.336897327750921,0.07,0.016140571175638465,0.0,82.17032875865698,19776,7.131044578552246,77.7227052734375,77.72516667480468,1059.8297662109376,0.0,0.050000000000000044,61719,100000,0.0005,0,0.0,0.0,0.25,0.3978,0.0,0.4257,23.5865
62499,2000000,5.504308223724365,-0.03550236858129501,0.0,97.81327438354492,2.773592743110657,0.0341,0.009036481231912323,1.3630920834839344,0.013630920834839345,1.3630920834839344,0.013630920834839345,100.0,1.755210380256176,0.02,0.007258973813150496,0.0,61.81505015864968,20000,7.507267450714111,78.7668914428711,78.77640830078126,1123.6806604003907,7.450580596923828e-08,0.050000000000000044,62344,100000,0.0005,0,0.0,0.0,0.24553571428571427,0.4293,0.0,0.4526,22.3611
