iter,global_step,episode_return,mean_step_reward,optimized_episode_return,optimized_mean_step_reward,reward_shift,episode_return_gap_to_zero,mean_step_reward_gap_to_zero,episode_return_delta_from_start,mean_step_reward_delta_from_start,pursuer_target_distance,capture,task_score,eval_mean_return,eval_mean_step_reward,eval_optimized_mean_return,eval_optimized_mean_step_reward,eval_mean_episode_length,eval_pursuer_target_distance,eval_capture,eval_task_score,eval_return_gap_to_zero,eval_return_delta_from_start,episodes_completed,policy_loss,value_loss,entropy,total_loss,grad_norm,actor_grad_norm,critic_grad_norm,approx_kl,clipfrac,explained_variance,mean_ratio_epoch0,entropy_coef,lr,seed,alpha,env_alpha,capture_rate
0,800,24.428645372390747,0.2442863643169403,24.428645372390747,0.2442863643169403,0.0,0.0,0.0,0.0,0.0,0.5082136386632919,0.07625,0.05055649812819573,nan,nan,nan,nan,nan,nan,nan,nan,nan,nan,8,-0.0007097461045098896,0.6227518439292907,1.609345507621765,0.29457272291183473,0.04577377513051033,0.04577377513051033,0.3874191761016846,6.254856034503754e-05,0.0,-0.2966717481613159,1.0,0.01,0.0007,0,1.0,1.0,0.375
1,1600,-44.68660640716553,-0.44686606466770173,-44.68660640716553,-0.44686606466770173,0.0,44.68660640716553,0.44686606466770173,-69.11525177955627,-0.691152428984642,0.5743660724163056,0.01375,0.00873367397894746,nan,nan,nan,nan,nan,nan,nan,nan,nan,nan,16,-0.00023892431521872483,0.1427438050508499,1.6089673042297363,0.05564666762948036,0.03821678906679153,0.03821678906679153,0.13111491203308107,3.914789012929809e-05,0.0,0.4233930706977844,1.0,0.009625,0.00067125,0,1.0,1.0,0.125
2,2400,-53.19791221618652,-0.5319790807366371,-53.19791221618652,-0.5319790807366371,0.0,53.19791221618652,0.5319790807366371,-77.62655758857727,-0.7762654450535774,0.5969790893793107,0.0075,0.004696367065717175,nan,nan,nan,nan,nan,nan,nan,nan,nan,nan,24,-0.00016561989285435175,0.08289562165737152,1.6085240840911865,0.026403342187404633,0.048816397041082385,0.048816397041082385,0.20085740685462952,3.16162339914546e-05,0.0,0.6442041397094727,1.0,0.00925,0.0006425,0,1.0,1.0,0.125
3,3200,-73.32983875274658,-0.7332983526587487,-73.32983875274658,-0.7332983526587487,0.0,73.32983875274658,0.7332983526587487,-97.75848412513733,-0.9775847169756889,0.8857983678579331,0.01625,0.008617040017092749,nan,nan,nan,nan,nan,nan,nan,nan,nan,nan,32,-0.00032886835071259667,0.4191665887832642,1.6079245805740356,0.19498409628868102,0.04813149943947792,0.04813149943947792,0.3554229915142059,3.332452197364984e-05,0.0,0.2754215598106384,1.0,0.008875000000000001,0.00061375,0,1.0,1.0,0.125
4,4000,-15.904656887054443,-0.1590465772151947,-15.904656887054443,-0.1590465772151947,0.0,15.904656887054443,0.1590465772151947,-40.33330225944519,-0.403332941532135,0.6490465849637985,0.05,0.03032055034460876,nan,nan,nan,nan,nan,nan,nan,nan,nan,nan,40,-0.0002417932230552644,0.4829405307769775,1.6075604438781739,0.2275642067193985,0.0511895477771759,0.0511895477771759,0.21802513301372528,3.3033634008582166e-05,0.0,0.17308127880096436,1.0,0.0085,0.000585,0,1.0,1.0,0.375
5,4800,-78.47856187820435,-0.7847855561971664,-78.47856187820435,-0.7847855561971664,0.0,78.47856187820435,0.7847855561971664,-102.90720725059509,-1.0290719205141068,0.7872855687141418,0.00125,0.0006993845985671497,nan,nan,nan,nan,nan,nan,nan,nan,nan,nan,48,-0.0002546708596249836,0.176273712515831,1.6058748483657836,0.07483445107936859,0.049276139587163925,0.049276139587163925,0.2832107782363892,2.9942511537356608e-05,0.0,0.4112110733985901,1.0,0.008125,0.00055625,0,1.0,1.0,0.125
6,5600,-69.49926167726517,-0.6949925875663757,-69.49926167726517,-0.6949925875663757,0.0,69.49926167726517,0.6949925875663757,-93.92790704965591,-0.939278951883316,0.7224925917387008,0.00375,0.0021770775781477895,nan,nan,nan,nan,nan,nan,nan,nan,nan,nan,56,4.212884187566601e-05,0.18820495903491974,1.6052315473556518,0.08170406371355057,0.046626581251621245,0.046626581251621245,0.3483286440372467,1.540470366323395e-05,0.0,0.26739734411239624,1.0,0.00775,0.0005275,0,1.0,1.0,0.125
7,6400,-73.65174674987793,-0.7365174621343613,-73.65174674987793,-0.7365174621343613,0.0,73.65174674987793,0.7365174621343613,-98.08039212226868,-0.9808038264513016,0.8140174770355224,0.00875,0.004823547794202789,nan,nan,nan,nan,nan,nan,nan,nan,nan,nan,64,-9.035146319575915e-05,0.247323939204216,1.6051194190979003,0.1117338627576828,0.03600087985396385,0.03600087985396385,0.35747829675674436,1.201862519353547e-05,0.0,0.3675363063812256,1.0,0.007375,0.00049875,0,1.0,1.0,0.125
8,7200,-43.03851532936096,-0.43038522720336914,-43.03851532936096,-0.43038522720336914,0.0,43.03851532936096,0.43038522720336914,-67.46716070175171,-0.6746715915203094,0.7203852391242981,0.03,0.017437954777658086,nan,nan,nan,nan,nan,nan,nan,nan,nan,nan,72,-0.00016191430636292026,0.6635254263877869,1.6049959659576416,0.32036582231521604,0.053622215241193774,0.053622215241193774,0.26813225746154784,1.1647912242708594e-05,0.0,0.2154209017753601,1.0,0.007,0.00047000000000000004,0,1.0,1.0,0.25
9,8000,-4.747785329818726,-0.047477951645851134,-4.747785329818726,-0.047477951645851134,0.0,4.747785329818726,0.047477951645851134,-29.176430702209473,-0.29176431596279145,0.5749779617786408,0.05375,0.034127461656225024,nan,nan,nan,nan,nan,nan,nan,nan,nan,nan,80,-0.0002597430572107706,0.5409742832183838,1.6047975063323974,0.2595956206321716,0.046316858381032944,0.046316858381032944,0.326250958442688,2.0221663362641824e-05,0.0,0.0027205348014831543,1.0,0.006625,0.00044125,0,1.0,1.0,0.625
10,8800,-81.55090546607971,-0.8155090394616127,-81.55090546607971,-0.8155090394616127,0.0,81.55090546607971,0.8155090394616127,-105.97955083847046,-1.059795403778553,0.8305090492963791,0.0025,0.0013657403119427152,nan,nan,nan,nan,nan,nan,nan,nan,nan,nan,88,-0.00014886578095314463,0.2387124627828598,1.6051361322402955,0.10917526483535767,0.059568747878074646,0.059568747878074646,0.3719284415245056,1.6933635243008873e-05,0.0,0.35788965225219727,1.0,0.0062499999999999995,0.0004125,0,1.0,1.0,0.125
11,9600,-18.770130157470703,-0.18770121037960052,-18.770130157470703,-0.18770121037960052,0.0,18.770130157470703,0.18770121037960052,-43.19877552986145,-0.4319875746965408,0.5902012240886688,0.04125,0.025940113348636135,nan,nan,nan,nan,nan,nan,nan,nan,nan,nan,96,-0.00020346573992480188,0.6818862199783325,1.6051012992858886,0.3313096821308136,0.04682659655809403,0.04682659655809403,0.32735502123832705,3.0131815856484205e-05,0.0,-0.0069446563720703125,1.0,0.005875,0.00038375000000000003,0,1.0,1.0,0.25
12,10400,-33.505940675735474,-0.3350594383478165,-33.505940675735474,-0.3350594383478165,0.0,33.505940675735474,0.3350594383478165,-57.93458604812622,-0.5793458026647568,0.5750594431161881,0.025,0.015872416821639798,nan,nan,nan,nan,nan,nan,nan,nan,nan,nan,104,-0.000521211902106522,0.40334159731864927,1.6052678108215332,0.1923206090927124,0.08635035157203674,0.08635035157203674,0.1856728971004486,4.379526390056121e-05,0.0,-0.006306767463684082,1.0,0.0055,0.000355,0,1.0,1.0,0.25
13,11200,-46.22512900829315,-0.46225132256746293,-46.22512900829315,-0.46225132256746293,0.0,46.22512900829315,0.46225132256746293,-70.6537743806839,-0.7065376868844032,0.5647513285279274,0.01125,0.0071896408041932595,nan,nan,nan,nan,nan,nan,nan,nan,nan,nan,112,-0.00020613553378900917,0.12828434407711028,1.6042653322219849,0.05571417808532715,0.0447650283575058,0.0447650283575058,0.19225158989429475,4.8949737174757735e-05,0.0,0.5441159009933472,1.0,0.005125,0.00032625000000000004,0,1.0,1.0,0.25
14,12000,-61.498050689697266,-0.6149805533885956,-61.498050689697266,-0.6149805533885956,0.0,61.498050689697266,0.6149805533885956,-85.92669606208801,-0.8592669177055359,0.6174805617332458,0.00125,0.0007728068142349333,nan,nan,nan,nan,nan,nan,nan,nan,nan,nan,120,-0.00029439786841010116,0.13904037177562714,1.6040633201599122,0.06160648763179779,0.06255338862538337,0.06255338862538337,0.26077661514282224,2.7297465749347438e-05,0.0,0.42782360315322876,1.0,0.004749999999999999,0.00029749999999999997,0,1.0,1.0,0.125
15,12800,-73.73240113258362,-0.7373239976167679,-73.73240113258362,-0.7373239976167679,0.0,73.73240113258362,0.7373239976167679,-98.16104650497437,-0.9816103619337082,0.777324007153511,0.005,0.002813218062590509,nan,nan,nan,nan,nan,nan,nan,nan,nan,nan,128,-1.6718427762896226e-05,0.1905331641435623,1.6037811756134033,0.08823331892490387,0.06188477799296379,0.06188477799296379,0.3107202649116516,1.2635218263538306e-05,0.0,0.3555709719657898,1.0,0.0043749999999999995,0.00026875,0,1.0,1.0,0.125
16,13600,-67.00066411495209,-0.6700066924095154,-67.00066411495209,-0.6700066924095154,0.0,67.00066411495209,0.6700066924095154,-91.42930948734283,-0.9142930567264557,0.6975067019462585,0.00375,0.002209122353213967,nan,nan,nan,nan,nan,nan,nan,nan,nan,nan,136,-0.00010098052251805711,0.15998136699199678,1.6018165588378905,0.07348243743181229,0.053323247283697126,0.053323247283697126,0.2681163728237152,6.0814344581518275e-06,0.0,0.34495675563812256,1.0,0.004,0.00024000000000000003,0,1.0,1.0,0.125
17,14400,-52.98674917221069,-0.5298675709962845,-52.98674917221069,-0.5298675709962845,0.0,52.98674917221069,0.5298675709962845,-77.41539454460144,-0.7741539353132247,0.6448675781488419,0.0125,0.00759939594290483,nan,nan,nan,nan,nan,nan,nan,nan,nan,nan,144,-0.0001238475216961632,0.28278228640556335,1.6028712749481202,0.13545688688755037,0.07328920364379883,0.07328920364379883,0.22098281383514404,6.495302159463515e-06,0.0,-0.047564029693603516,1.0,0.003624999999999999,0.00021124999999999996,0,1.0,1.0,0.125
18,15200,-10.04988431930542,-0.10049879997968673,-10.04988431930542,-0.10049879997968673,0.0,10.04988431930542,0.10049879997968673,-34.47852969169617,-0.34478516429662703,0.4529988065361977,0.03625,0.02494840314866902,nan,nan,nan,nan,nan,nan,nan,nan,nan,nan,152,-4.40810533619107e-05,0.37306554317474366,1.602418351173401,0.18128082752227784,0.04834394454956055,0.04834394454956055,0.2478996843099594,3.974468961815821e-06,0.0,0.10788160562515259,1.0,0.0032499999999999994,0.00018250000000000004,0,1.0,1.0,0.375
19,16000,-56.4725239276886,-0.5647252342104911,-56.4725239276886,-0.5647252342104911,0.0,56.4725239276886,0.5647252342104911,-80.90116930007935,-0.8090115985274314,0.7172252452373504,0.01625,0.009462940313199256,nan,nan,nan,nan,nan,nan,nan,nan,nan,nan,160,-3.101430398970706e-05,0.23526139855384826,1.6031662225723267,0.11299058049917221,0.04479959905147553,0.04479959905147553,0.2752767026424408,1.6430980681286418e-06,0.0,0.40200984477996826,1.0,0.002875,0.00015375000000000002,0,1.0,1.0,0.375
20,16800,21.694315910339355,0.21694312244653702,21.694315910339355,0.21694312244653702,0.0,0.0,0.0,-2.7343294620513916,-0.027343241870403295,0.44805688083171846,0.0675,0.046614190984839016,nan,nan,nan,nan,nan,nan,nan,nan,nan,nan,168,-1.7094294080521876e-05,0.7849401950836181,1.602962899208069,0.38844560384750365,0.04031486213207245,0.04031486213207245,0.2940885365009308,7.63736759030446e-07,0.0,0.08860307931900024,1.0,0.0024999999999999988,0.000125,0,1.0,1.0,0.5
21,17600,-22.65975332260132,-0.2265976256132126,-22.65975332260132,-0.2265976256132126,0.0,22.65975332260132,0.2265976256132126,-47.088398694992065,-0.4708839899301529,0.6165976291894912,0.04,0.024743324670131232,nan,nan,nan,nan,nan,nan,nan,nan,nan,nan,176,-2.6142597038436578e-05,0.8379535436630249,1.6030054569244385,0.4155442476272583,0.03217154443264007,0.03217154443264007,0.22477429807186128,4.819409087316965e-07,0.0,-0.06027257442474365,1.0,0.002125,9.624999999999998e-05,0,1.0,1.0,0.125
22,18400,-43.063751220703125,-0.4306375375390053,-43.063751220703125,-0.4306375375390053,0.0,43.063751220703125,0.4306375375390053,-67.49239659309387,-0.6749239018559456,0.7081375449895859,0.02875,0.016831197279359188,nan,nan,nan,nan,nan,nan,nan,nan,nan,nan,184,-1.7562786636204918e-05,0.5578548073768616,1.6032488822937012,0.2761041522026062,0.037717001885175704,0.037717001885175704,0.29551503658294676,3.0437546265045987e-07,0.0,0.26307976245880127,1.0,0.0017499999999999998,6.750000000000007e-05,0,1.0,1.0,0.25
23,19200,-73.28963327407837,-0.7328962790966034,-73.28963327407837,-0.7328962790966034,0.0,73.28963327407837,0.7328962790966034,-97.71827864646912,-0.9771826434135437,0.7603962838649749,0.00375,0.0021302021791177734,nan,nan,nan,nan,nan,nan,nan,nan,nan,nan,192,-2.5456189871420064e-05,0.15107641518115997,1.6042392253875732,0.07330692410469056,0.06939949542284012,0.06939949542284012,0.31657698154449465,1.9097716956117953e-07,0.0,0.6417801976203918,1.0,0.0013749999999999995,3.875000000000005e-05,0,1.0,1.0,0.125
24,20000,-90.22730922698975,-0.9022730994224548,-90.22730922698975,-0.9022730994224548,0.0,90.22730922698975,0.9022730994224548,-114.6559545993805,-1.1465594637393952,0.8922731065750122,0.0,0.0,nan,nan,nan,nan,nan,nan,nan,nan,nan,nan,200,-5.248506855082269e-06,0.24874593317508698,1.6044371128082275,0.12276328206062317,0.058872167766094205,0.058872167766094205,0.42020925879478455,1.5712419697777592e-08,0.0,0.056477248668670654,1.0,0.0009999999999999992,1.0000000000000026e-05,0,1.0,1.0,0.0
