run_label,config_label,run,seed,source_path,rows,first_global_step,final_global_step,best_episode_return,final_episode_return,best_mean_step_reward,final_mean_step_reward,best_optimized_episode_return,final_optimized_episode_return,best_optimized_mean_step_reward,final_optimized_mean_step_reward,best_episode_return_delta_from_start,final_episode_return_delta_from_start,best_mean_step_reward_delta_from_start,final_mean_step_reward_delta_from_start,best_task_score,final_task_score,best_eval_mean_return,final_eval_mean_return,best_eval_mean_step_reward,final_eval_mean_step_reward,best_eval_optimized_mean_return,final_eval_optimized_mean_return,best_eval_optimized_mean_step_reward,final_eval_optimized_mean_step_reward,best_eval_return_delta_from_start,final_eval_return_delta_from_start,best_eval_task_score,final_eval_task_score,best_capture_rate,final_capture_rate,best_eval_capture,final_eval_capture,min_episode_return_gap_to_zero,final_episode_return_gap_to_zero,min_mean_step_reward_gap_to_zero,final_mean_step_reward_gap_to_zero,min_coverage_distance,final_coverage_distance,min_collision_pairs,final_collision_pairs,min_eval_return_gap_to_zero,final_eval_return_gap_to_zero,min_eval_coverage_distance,final_eval_coverage_distance,min_eval_collision_pairs,final_eval_collision_pairs,min_pursuer_target_distance,final_pursuer_target_distance,min_eval_pursuer_target_distance,final_eval_pursuer_target_distance,final_episodes_completed,final_policy_loss,final_value_loss,final_entropy,final_entropy_coef,final_total_loss,final_grad_norm,final_actor_grad_norm,final_critic_grad_norm,final_approx_kl,final_clipfrac,final_explained_variance,final_mean_ratio_epoch0,final_lr,final_reward_shift
broadcast_seed2 seed=2,broadcast_seed2,seed2,2,runs/qmix_pcp_smoke_20260627_142223/broadcast/seed2/metrics.csv,20,25024.0,500000.0,-16.55767923593521,-20.78465788066387,-0.2721054037691842,-0.3086384549240907,,,,,65.44343519210815,61.21645654737949,,,0.002315813547226,0.0012363336663366,313.5823314655572,-15.710521630942822,3.135823314655572,-0.1571052163094282,313.5823314655572,-15.710521630942822,3.135823314655572,-0.1571052163094282,393.8208079505712,64.52795485407114,0.1693528251006499,0.0020095144274063,0.0546875,0.03515625,0.33,0.005,16.55767923593521,20.78465788066387,,,,,,,0.0,15.710521630942822,,,,,2.7539782983545456,2.980782080093511,0.948594597131014,1.4881632755696774,4992.0,,,,,,135.56717515815998,,,,,,,0.0005,
broadcast_seed0 seed=0,broadcast_seed0,seed0,0,runs/qmix_pcp_smoke_20260627_142223/broadcast/seed0/metrics.csv,20,25024.0,500000.0,-6.997545629739761,-24.3074471950531,-0.2663988160622089,-0.306159196700543,,,,,72.82147243618965,55.51157087087631,,,0.0017475406363506,0.000937918912303,109.48695165663958,-20.957589730620384,1.0948695165663958,-0.2095758973062038,109.48695165663958,-20.957589730620384,1.0948695165663958,-0.2095758973062038,176.01469915360212,45.57015776634216,0.0509932531306678,0.0,0.046875,0.02734375,0.125,0.0,6.997545629739761,24.3074471950531,,,,,,,0.0,20.957589730620384,,,,,2.544305012412321,2.839513545915504,1.4513046790659427,1.9957589423656463,4992.0,,,,,,119.4103889856082,,,,,,,0.0005,
identity_seed2 seed=2,identity_seed2,seed2,2,runs/qmix_pcp_smoke_20260627_142223/identity/seed2/metrics.csv,20,25024.0,500000.0,-18.86266314983368,-18.86266314983368,-0.2803759903822299,-0.2803759903822299,,,,,71.2675552368164,71.2675552368164,,,0.0010523527886284,0.0010114553573681,23.747605457901955,-21.82782357931137,0.2374760545790195,-0.2182782357931137,23.747605457901955,-21.82782357931137,0.2374760545790195,-0.2182782357931137,99.92104424536228,54.34561520814896,0.0161184344251227,0.0,0.04296875,0.03125,0.045,0.0,18.86266314983368,18.86266314983368,,,,,,,0.0,21.82782357931137,,,,,2.7581652631069726,2.7581652631069726,1.1197130405902862,1.9253082871437075,4992.0,,,,,,96.84865042555803,,,,,,,0.0005,
identity_seed0 seed=0,identity_seed0,seed0,0,runs/qmix_pcp_smoke_20260627_142223/identity/seed0/metrics.csv,20,25024.0,500000.0,-5.014119043946266,-24.68935778737068,-0.2418279632277281,-0.2962251440282057,,,,,77.17324350774288,57.49800476431847,,,0.0015348522858732,0.0014437529136755,23.097758159041405,-20.3612800873816,0.230977581590414,-0.203612800873816,23.097758159041405,-20.3612800873816,0.230977581590414,-0.203612800873816,71.7489946782589,28.28995643183589,0.015442679427848,0.0,0.05078125,0.046875,0.04,0.0,5.014119043946266,24.68935778737068,,,,,,,0.0,20.3612800873816,,,,,2.4151021469570457,2.963164979074432,1.208639902994037,1.936127992272377,4992.0,,,,,,210.00443051932868,,,,,,,0.0005,
identity_seed1 seed=1,identity_seed1,seed1,1,runs/qmix_pcp_smoke_20260627_142223/identity/seed1/metrics.csv,20,25024.0,500000.0,-12.441810354590416,-28.8352615237236,-0.2379990499204313,-0.3095513363291298,,,,,74.98397500813007,58.59052383899689,,,0.0016109249554443,0.0002027932604213,-13.683906155638397,-38.13784705102444,-0.1368390615563839,-0.3813784705102443,-13.683906155638397,-38.13784705102444,-0.1368390615563839,-0.3813784705102443,64.18043015617877,39.72648926079273,0.0047241753218178,0.0,0.05078125,0.0078125,0.015,0.0,12.441810354590416,28.8352615237236,,,,,,,13.683906155638397,38.13784705102444,,,,,2.42486967411603,2.748858696138355,1.4904778096079827,2.6152040922641757,4992.0,,,,,,123.57428151422518,,,,,,,0.0005,
broadcast_zm_seed0 seed=0,broadcast_zm_seed0,seed0,0,runs/qmix_pcp_smoke_20260627_142223/broadcast_zm/seed0/metrics.csv,20,25024.0,500000.0,-14.261169478297234,-31.04830500483513,-0.2706609215019759,-0.3404327408910255,,,,,63.87518425285816,47.08804872632027,,,0.0012317472167303,0.0005140172368735,-14.811647422611712,-15.48066850937903,-0.1481164742261171,-0.1548066850937902,-14.811647422611712,-15.48066850937903,-0.1481164742261171,-0.1548066850937902,32.84984714537859,32.180826058611274,0.0,0.0,0.0546875,0.02734375,0.0,0.0,14.261169478297234,31.04830500483513,,,,,,,14.811647422611712,15.48066850937903,,,,,2.57554811498725,3.1256955312553045,1.381164735555649,1.4480668532848358,4992.0,,,,,,109.50739998762496,,,,,,,0.0005,
broadcast_zm_seed2 seed=2,broadcast_zm_seed2,seed2,2,runs/qmix_pcp_smoke_20260627_142223/broadcast_zm/seed2/metrics.csv,20,25024.0,500000.0,-11.53485244512558,-11.53485244512558,-0.2862290181458072,-0.2862290181458072,,,,,73.08661758899689,73.08661758899689,,,0.0015490874756779,0.0011243307201574,-16.315845869481564,-20.972188778221607,-0.1631584586948156,-0.209721887782216,-16.315845869481564,-20.972188778221607,-0.1631584586948156,-0.209721887782216,63.14241269975901,58.48606979101896,0.0,0.0,0.04296875,0.04296875,0.0,0.0,11.53485244512558,11.53485244512558,,,,,,,16.315845869481564,20.972188778221607,,,,,2.736751433447594,2.736751433447594,0.9891854780167342,1.5489141276478768,4992.0,,,,,,110.85420262218284,,,,,,,0.0005,
broadcast_seed1 seed=1,broadcast_seed1,seed1,1,runs/qmix_pcp_smoke_20260627_142223/broadcast/seed1/metrics.csv,20,25024.0,500000.0,-15.879571244120598,-26.72685833275318,-0.260684981884938,-0.3035607351402772,,,,,69.19460661709309,58.3473195284605,,,0.0016648020811467,0.000732589025204,-26.3053290694952,-31.796776793897152,-0.263053290694952,-0.3179677679389715,-26.3053290694952,-31.796776793897152,-0.263053290694952,-0.3179677679389715,92.91894601285458,87.42749828845263,0.0,0.0,0.05859375,0.03125,0.0,0.0,15.879571244120598,26.72685833275318,,,,,,,26.3053290694952,31.796776793897152,,,,,2.7000952888084586,2.877902880291933,2.371401130706072,2.922529732584953,4992.0,,,,,,134.0199571870811,,,,,,,0.0005,
broadcast_zm_seed1 seed=1,broadcast_zm_seed1,seed1,1,runs/qmix_pcp_smoke_20260627_142223/broadcast_zm/seed1/metrics.csv,20,25024.0,500000.0,-21.868851214647293,-33.32126873731613,-0.2948676008783595,-0.3194531559963232,,,,,58.83023551106453,47.37781798839569,,,0.0016589218618575,0.0007058645375874,-26.44818149227649,-50.59109555184841,-0.2644818149227649,-0.5059109555184841,-26.44818149227649,-50.59109555184841,-0.2644818149227649,-0.5059109555184841,92.77609359007327,68.63317953050137,0.0,0.0,0.04296875,0.015625,0.0,0.0,21.868851214647293,33.32126873731613,,,,,,,26.44818149227649,50.59109555184841,,,,,2.668984193044801,3.024722789756467,2.0287994629889727,4.352682938575745,4992.0,,,,,,127.50417087569583,,,,,,,0.0005,
