module,alpha,train_return_late_mean,train_return_late_std,train_return_late_count,train_return_delta_mean,train_return_delta_std,train_return_delta_count,train_task_score_mean,train_task_score_std,train_task_score_count,train_capture_rate_mean,train_capture_rate_std,train_capture_rate_count,train_pursuer_dist_mean,train_pursuer_dist_std,train_pursuer_dist_count,eval_return_mean,eval_return_std,eval_return_count,eval_task_score_mean,eval_task_score_std,eval_task_score_count,eval_capture_mean,eval_capture_std,eval_capture_count,eval_pursuer_dist_mean,eval_pursuer_dist_std,eval_pursuer_dist_count,explained_variance_mean,explained_variance_std,explained_variance_count,entropy_mean,entropy_std,entropy_count,policy_loss_mean,policy_loss_std,policy_loss_count,value_loss_mean,value_loss_std,value_loss_count,approx_kl_mean,approx_kl_std,approx_kl_count,clipfrac_mean,clipfrac_std,clipfrac_count,grad_norm_mean,grad_norm_std,grad_norm_count,cap_c1_participation_mean,cap_c1_participation_std,cap_c1_participation_count,marginal_c1_rate_mean,marginal_c1_rate_std,marginal_c1_rate_count,knn_c1_sighted_frac_mean,knn_c1_sighted_frac_std,knn_c1_sighted_frac_count,dist_full_sight_mean,dist_full_sight_std,dist_full_sight_count,dist_sensor_limited_mean,dist_sensor_limited_std,dist_sensor_limited_count
attention,0.0,-440.0158085639679,35.82749435708165,5,283.15510849171585,22.86030839115062,5,0.00028766133581793567,0.0002684936551085004,5,0.01502016129032258,0.012281229769188442,5,2.1439913903436354,0.1008718432552714,5,-391.7519005551934,66.0756474081898,5,0.0,0.0,5,0.0,0.0,5,1.7764839574364015,0.6129546510028061,5,0.8935880501424112,0.007563073301031008,5,1.0204342930163106,0.1046942270927517,5,-0.00032750528059434015,1.3285252734098058e-05,5,0.010753682668981723,0.0030635856489733054,5,0.00045836164342778773,6.204304160137063e-05,5,0.002454979838065209,0.0003395613568842645,5,0.08426386771663538,0.008439948962341428,5,0.000876008064516129,0.0008094732957017262,5,0.0005796370967741935,0.0005374033441637838,5,0.872995000206655,0.010487973819348283,5,3.2713356372579447,0.11813605053487407,5,4.0224486092482845,0.5776454582523333,5
attention,0.25,47.01911588547931,34.77885974384003,5,711.7436787596273,56.082740328488846,5,0.15677265050273378,0.01618893081963922,5,0.847983870967742,0.037781580277598655,5,0.9750683712449766,0.04954405782567494,5,221.28871735408902,222.0325444004709,5,0.2367889704565683,0.10482288218850407,5,0.42374999999999996,0.15232315565927593,5,0.849901367037557,0.3585350553761551,5,0.9422733362643949,0.006029753743881269,5,0.7600637147118967,0.038820390537772226,5,-0.0004255010400262374,8.775528127345287e-06,5,0.007766752806642313,0.003634778715583277,5,0.0005602072147013635,3.091888847479457e-05,5,0.0039060887107857504,0.0002650126843118904,5,0.19446081658044165,0.020489402455395427,5,0.3048094758064516,0.023839916037703843,5,0.20649495967741935,0.015089635128098187,5,0.9221181301186163,0.0025901648071190242,5,2.626725088629511,0.07398589261501848,5,1.424895596986336,0.07812127808817543,5
attention,0.5,122.95652514459384,20.616629279043917,5,760.6849480609139,29.50570422586587,5,0.1865728187760568,0.010886110594148173,5,0.9356854838709678,0.009964043381573853,5,0.9123733594476455,0.03739233248907213,5,216.35149433463812,219.54270787957086,5,0.23309102185269012,0.10713618515746622,5,0.4225,0.15054847641208466,5,0.9067289456875297,0.516308524481233,5,0.944806722864028,0.00646531144923567,5,0.6801158210731322,0.03355255862252272,5,-0.0003615211781335094,2.3796205841208703e-05,5,0.005017537910551264,0.0010627402414568486,5,0.0004620362710393056,6.042799005718898e-05,5,0.003163981857850834,0.00046415845378794125,5,0.18223946136332325,0.021790079979304888,5,0.3528266129032258,0.013865244641290365,5,0.2468447580645161,0.008843523547409042,5,0.9364422948283535,0.0016250974312710417,5,2.5865677194467955,0.0889619918443047,5,1.2355330654365884,0.042868179260324886,5
attention,0.75,123.08754101900324,18.860465166960733,5,794.530971135103,42.483499798261164,5,0.18854912534984103,0.009415782311683862,5,0.9356854838709678,0.00949401990158963,5,0.886013304222255,0.02692161934248767,5,218.59757033921778,210.24405943019048,5,0.23933430465537103,0.10369070056027323,5,0.42000000000000004,0.14234640845486757,5,0.8292343653647695,0.4109845638040088,5,0.9467704186516424,0.008488441717356491,5,0.6628980368375778,0.04391936334012806,5,-0.0003255747477676229,4.0769669638346274e-05,5,0.0048748606191046295,0.0009363803991715157,5,0.00043423579588671346,0.00010146046250263304,5,0.002932328628370209,0.0008332094678455708,5,0.19283411319818225,0.06900518512066219,5,0.35170060483870963,0.013063289340144474,5,0.24513407258064518,0.009523488181189678,5,0.9371950311237767,0.0013230251915923672,5,2.581352076339626,0.06989369374959366,5,1.212265648460917,0.036003517221036486,5
attention,1.0,120.24352071169884,11.903457205536814,5,764.3870460398736,48.182020685796786,5,0.1871328750020553,0.006787542664761558,5,0.9345766129032258,0.007980599178910204,5,0.8842296083874761,0.027621683991854922,5,196.3019050281495,221.48496366616894,5,0.2308710761650064,0.11481276403334392,5,0.39875,0.14721901201950785,5,0.8290051753525622,0.3865931901630856,5,0.9489901619572793,0.0044770263599261525,5,0.6760931275352354,0.048839413959378186,5,-0.0003066382333909778,2.730121724843876e-05,5,0.005117706664717678,0.0008083218319622938,5,0.0003916969286574974,7.686320043583049e-05,5,0.002604062504767799,0.0005057781989027577,5,0.1413927481647941,0.03409864656512691,5,0.3486663306451613,0.009096517621648054,5,0.24382862903225808,0.005635047508774983,5,0.9363710102996519,0.0015704289273974906,5,2.580748373187838,0.04336861633862102,5,1.2105845377406765,0.032780221772545026,5
attention_zm,0.0,-536.2021691616504,28.686479221495723,5,188.62383238019478,28.042292485933345,5,5.3895791395678616e-05,4.739004492667853e-05,5,0.0033266129032258063,0.002185431793213589,5,2.4468625943314644,0.2683612941054245,5,-464.75346527695655,151.0684949025003,5,0.0,0.0,5,0.0,0.0,5,2.3148511163382794,0.7880782364725324,5,0.9001928152576569,0.02300132713403461,5,1.2617613620911876,0.09901202419895047,5,-0.00015747438405674794,3.7184192154338585e-05,5,0.019923481455883862,0.008478336958625344,5,0.0002144421796908934,8.957310733518268e-05,5,0.0003837802411268656,0.0003132490514076023,5,0.04950123348002948,0.007508218038136235,5,0.00017641129032258063,0.00016274076906212643,5,8.16532258064516e-05,0.0001111959591471073,5,0.84890110449541,0.03421665272261501,5,3.4484327328743474,0.43640209253886614,5,5.411344122132948,0.22494795209319537,5
attention_zm,0.25,-31.2093168679084,10.599274830161459,5,622.7285480101924,34.290712840212166,5,0.14190384078773466,0.003489519467236216,5,0.7037298387096774,0.01454462788273175,5,0.9704440454718085,0.019296548116527378,5,179.19922061488032,262.0650583555665,5,0.22955896044878726,0.12139741248481141,5,0.40225,0.17461654417608888,5,0.8349590780253056,0.4002950001616357,5,0.9518593766996938,0.0020012355169191022,5,0.9317827183969559,0.030534658770206245,5,-0.0003005417595429589,2.435909830515302e-05,5,0.009359225737561813,0.0009675836043113859,5,0.0006853191721077499,7.067643158944425e-05,5,0.0042473387157341315,0.00072387836713246,5,0.24414663427178898,0.033221135979520984,5,0.27442842741935486,0.00463618942735818,5,0.17470564516129033,0.0018254619172872254,5,0.8768051959122382,0.007477958187445333,5,2.609733132130196,0.08234640071222196,5,1.8541488944037308,0.0715029255134604,5
attention_zm,0.5,123.73526038609205,13.507810069809317,5,743.0113474204175,43.74714674781268,5,0.19056885710575372,0.005749443244784775,5,0.9320564516129032,0.008231326717433596,5,0.8738002593685543,0.014832701855827914,5,225.67824851199984,224.01577572043917,5,0.24555176246122862,0.11282319344243635,5,0.425,0.153256321239941,5,0.8082494800888235,0.3733420124445764,5,0.9464688181877137,0.004597682574003326,5,0.7278113070803304,0.04277180435314467,5,-0.0002557449214302683,2.8880772550342595e-05,5,0.005028593318626957,0.0005677231688795806,5,0.0004404144590117056,5.8018901014723246e-05,5,0.0027460987922301315,0.0003137938119960526,5,0.214132626053066,0.03203935955865862,5,0.3531542338709678,0.00938256380076276,5,0.246508064516129,0.0065827514057335045,5,0.9360917766036525,0.0008486751803281199,5,2.5838072542437622,0.07214541463966047,5,1.2041290613396032,0.021378925500114065,5
attention_zm,0.75,115.58327953320357,26.47894737498781,5,751.4040092995571,27.77469561096801,5,0.18679065732410738,0.012686539685744744,5,0.9268145161290322,0.015768236545470195,5,0.8740816597532362,0.029903542114952893,5,226.41058747172355,218.76094538192916,5,0.24483167142231183,0.10956760338537669,5,0.42625,0.15100186257129414,5,0.8145803447624204,0.40538435275706364,5,0.9495108483299133,0.0035930544016535937,5,0.7147326874156151,0.045108263772589655,5,-0.00023519796281920824,1.018549278924792e-05,5,0.005202909884298351,0.0008213787577114324,5,0.0003411478218670604,8.615244878182389e-05,5,0.0020943850810303958,0.0006446310322439833,5,0.1467762919899917,0.031481975932100226,5,0.34598185483870975,0.01903195218549055,5,0.24181350806451613,0.013258308865282236,5,0.9373547373721676,0.0013419706596533756,5,2.6029695196603577,0.10621812119097437,5,1.208262399348761,0.04122294020316651,5
attention_zm,1.0,120.64736653768246,25.92213066606024,5,752.8648980518503,51.02358101734574,5,0.1887298285063887,0.012992830098625445,5,0.9235887096774194,0.02668659229241497,5,0.872986027234985,0.032072641717580244,5,224.43376095891,224.87460385860786,5,0.24547267273443257,0.112991550572426,5,0.426,0.1532140047449971,5,0.8156147400890477,0.3987826798931696,5,0.9486629518770403,0.003803045699277356,5,0.7064451679106681,0.032015720690464045,5,-0.0002455116620514393,4.615821218287388e-06,5,0.005131794340427798,0.0006435770221223029,5,0.0003964623696765792,2.496241292760946e-05,5,0.002624455647767877,0.0004255252601081854,5,0.1743792077346194,0.029811188659882616,5,0.3494264112903226,0.019925204937111744,5,0.2447348790322581,0.014017652537761825,5,0.9366089136792766,0.001316375783868261,5,2.585020973214699,0.09770692296323086,5,1.2044454284444932,0.040302251888258804,5
broadcast,0.0,-419.5562392583778,28.196345526065606,5,298.25861453135167,20.43991101382651,5,0.0003705114507792335,0.0003220318122072569,5,0.019153225806451613,0.013844840418165697,5,1.9052381500255677,0.11808262087614434,5,-344.37429114282133,144.78438153028677,5,0.009246558753454934,0.02067593393067095,5,0.01975,0.04416234255562084,5,1.7291353481870608,0.4758840077979537,5,0.8982245083778135,0.013184746642193863,5,1.1176516971665045,0.03101140369116946,5,-0.00019987956125751437,2.115152460164986e-05,5,0.010285953193332111,0.0027313420101686046,5,0.00033419142856498516,7.437067685220535e-05,5,0.0009705241893149441,0.00034016146607512317,5,0.06770210621818415,0.0070493433229903875,5,0.0010241935483870969,0.0008504818144027611,5,0.0005262096774193549,0.0004680530502099885,5,0.8592386627947132,0.022547694688931638,5,2.9912774986047896,0.12750955568641956,5,3.869849943403275,0.3321714138832084,5
broadcast,0.25,20.580049828938666,142.4054253339103,5,660.7725880468985,129.60878652420212,5,0.1438874763622217,0.06134924965568399,5,0.7983870967741935,0.21100388090096336,5,1.039342054925138,0.18659638408791082,5,107.3506762765348,198.5049239588401,5,0.1720594495947161,0.10347172927669893,5,0.3185,0.17486914750750057,5,0.8835537130651063,0.4199737937636904,5,0.9374608687816128,0.010714004349354489,5,0.7948303674882458,0.13973470386875586,5,-0.00023813934311812322,1.0651446810714873e-05,5,0.009351408105839235,0.006914174783254609,5,0.00033425707665790005,4.1634636777739006e-05,5,0.0015126310484922427,0.0004959662418160249,5,0.1209681030759407,0.03703164553912439,5,0.2806350806451613,0.11183374922197199,5,0.19212600806451613,0.07626546019192307,5,0.9220556302647436,0.007569260956469846,5,2.709678971021887,0.20608112833822753,5,1.4649933858881554,0.24865637866871332,5
broadcast,0.5,117.29073322379301,19.430231589981904,5,717.0474834951902,64.409286239059,5,0.18495174950653634,0.008837476401999698,5,0.9303427419354838,0.014019890788951632,5,0.9101603530195931,0.016157471587077626,5,218.07631483152508,224.94339875534433,5,0.23937300602140227,0.11339384771261689,5,0.42350000000000004,0.15019622581809436,5,0.865582766667474,0.43045592081778017,5,0.9446843674105982,0.0058312153427392795,5,0.7360642642359579,0.06697882240960237,5,-0.0002298379162695961,6.368015500674563e-06,5,0.005634479949010427,0.0014041146085856623,5,0.00029202935818501894,3.0241674946178355e-05,5,0.0012837600818672494,0.0003454113802529466,5,0.11507224688126191,0.016103782925712115,5,0.3492389112903226,0.014122591270791634,5,0.24387096774193545,0.010010089527901106,5,0.9366032973739408,0.002349162058992032,5,2.6149343456347145,0.10256961916114678,5,1.237656590223312,0.01632918418098968,5
broadcast,0.75,117.56142668204923,17.88541597869795,5,741.9978140240715,53.93161387176434,5,0.18525016991715798,0.009340875519846432,5,0.9318548387096774,0.010865373713256217,5,0.906997984017576,0.030862816642880656,5,154.91492932997645,249.4584654299601,5,0.21031610784794424,0.13080354743584813,5,0.3625,0.17642500177129092,5,0.900747939057881,0.45711836202262107,5,0.9467867789729949,0.003956057745353512,5,0.7149279762275758,0.07262432968551008,5,-0.00022332680421695397,2.253030076512476e-05,5,0.005475053091518412,0.000936661530318864,5,0.00029092341050355097,8.951140101036478e-05,5,0.001280584678160855,0.0006231267547121034,5,0.10453422636394535,0.02169881748030263,5,0.3494344758064516,0.013646142304547028,5,0.2443891129032258,0.01026678535689792,5,0.9369673524479711,0.00189492214353038,5,2.622391707891899,0.0640298991154719,5,1.2351067869117665,0.033894985443729785,5
broadcast,1.0,115.46732543812644,15.797687225908264,5,738.0732443085601,60.41202557685235,5,0.1847943705503349,0.008277619495697516,5,0.9288306451612904,0.01049670624036232,5,0.9076293147145019,0.02447884006912709,5,209.99890145547687,202.92634991761966,5,0.23038405278937407,0.09137995798112585,5,0.41425,0.13590437814875575,5,0.8491572272831108,0.35920402007722496,5,0.9393947341749745,0.007915335070056808,5,0.7380824325353867,0.028346280283914654,5,-0.00021566183548918128,1.720250835930497e-05,5,0.005468430836054057,0.0010193374846893385,5,0.00027264090105029155,4.891186668898101e-05,5,0.0013367237920030885,0.0003358686124185066,5,0.11470364185711066,0.01840782440555695,5,0.3485342741935484,0.012046689621578366,5,0.2440967741935484,0.0087948454245126,5,0.9372061197200129,0.0021585845846843685,5,2.63497524747637,0.04380639720064004,5,1.2402503445468123,0.03564864678204276,5
broadcast_zm,0.0,-511.2937045424695,6.693342829888534,5,203.81240711476534,16.610871719570962,5,4.1673697327929455e-05,4.502899188088444e-05,5,0.0034274193548387093,0.0032155519975275364,5,2.1526607551805435,0.014636434521075601,5,-446.2670191794634,99.5442141327501,5,0.0,0.0,5,0.0,0.0,5,1.9162877006329364,0.582206114891491,5,0.9115131689656165,0.010265938313711937,5,1.2509688786537416,0.035144175013114294,5,-0.0001506438212509964,1.4505616127269324e-05,5,0.015467793488454385,0.0024271517953851902,5,0.00018279147819711962,5.348380895981676e-05,5,0.00016574596773528266,0.0001673178622956612,5,0.04873546688126456,0.003983146970219148,5,0.00012903225806451613,0.00013979968678741196,5,5.5443548387096784e-05,4.755030812528531e-05,5,0.8502085640267019,0.02672054577639656,5,3.062791447032844,0.03720054357102475,5,5.498894084776602,0.11897060321896584,5
broadcast_zm,0.25,-38.671056753922734,36.3058991380936,5,586.6530431809475,27.537067727720817,5,0.13579596620079853,0.01701017462437817,5,0.7032258064516129,0.03519105435542851,5,0.9864034507274628,0.05643603986477886,5,174.97115207090974,286.8254166021768,5,0.22844722269027867,0.1281112008274172,5,0.40175,0.1921091811965269,5,0.8267514417784987,0.3886424324912783,5,0.9487106157887366,0.0074453045710780276,5,0.9574122245850102,0.08866249437479427,5,-0.00024211540609126665,2.3880633629128375e-05,5,0.011152269519084355,0.002876056537468742,5,0.0004574565273523561,9.013760693862731e-05,5,0.0020430745965988205,0.000822073420007068,5,0.1526058479278318,0.0381128501000275,5,0.26398588709677423,0.026962986322633883,5,0.1681290322580645,0.015977119543528498,5,0.8798609275452552,0.014588745135973736,5,2.609163116654802,0.06096470706655176,5,1.8285867574419226,0.12649690667730365,5
broadcast_zm,0.5,134.61388695456327,9.094157177021607,5,724.7659365744842,57.99118857524849,5,0.19701170693449754,0.0037437353126358246,5,0.9373991935483872,0.004930764960240176,5,0.8614934192316668,0.009620460142645027,5,223.729230838269,222.90365347642148,5,0.24150404729884026,0.10708766990337179,5,0.42575,0.15306657048487107,5,0.8271563327321783,0.3802610362225394,5,0.9454485399107779,0.0040299894163551295,5,0.7432127478622621,0.03678282593702402,5,-0.00022959167899180792,2.0677524688318538e-05,5,0.005165048052496678,0.0007590798866553679,5,0.000385310248798339,4.548957250114839e-05,5,0.002254566533818162,0.00023851730124067302,5,0.18051261187681267,0.026008307057305967,5,0.3627963709677419,0.0062819319960335535,5,0.2536078629032258,0.00428976077764587,5,0.9360106993567558,0.002457627188468901,5,2.5686339000747087,0.06595656752730569,5,1.1928363510057811,0.015446358428139566,5
broadcast_zm,0.75,135.06933634461416,8.745165599920837,5,748.5619467922517,51.91642243096662,5,0.1964439471085554,0.004909574577463541,5,0.9410282258064516,0.007585643620611088,5,0.8564196756448477,0.01664871805885499,5,224.99237805195153,226.3935245782235,5,0.24605266624415778,0.11363502409685453,5,0.426,0.15376117845542156,5,0.8096573717746651,0.38908539851960366,5,0.9447058927628301,0.004598915808642276,5,0.6972331465828803,0.039543097778975,5,-0.00021094347994133207,2.928580710263358e-05,5,0.004849063288420388,0.0006176028220663167,5,0.0003135478888022995,9.455666784166361e-05,5,0.0015571673384516642,0.0006848093237340081,5,0.13227733263205135,0.02737304137962441,5,0.3607479838709677,0.00600227148357784,5,0.2518306451612903,0.0037719118569346463,5,0.9364755611573496,0.002285532045489879,5,2.55207439201926,0.04674128995587262,5,1.1840101701379302,0.02729951811346497,5
broadcast_zm,1.0,127.93643271101098,14.198714173367032,5,745.1991846779181,58.524995409339006,5,0.1933650964248361,0.0076072154972452516,5,0.9355846774193548,0.008223607193352033,5,0.8624278842446303,0.026171995367019394,5,216.71067448481918,212.13600492657295,5,0.23679966942594102,0.09759941031398332,5,0.41974999999999996,0.14522719270164247,5,0.8230136386788217,0.36733509625011224,5,0.9407003402709961,0.005089404053547982,5,0.7210972046659838,0.0245090445045225,5,-0.00020310787762017277,1.0513418382174453e-05,5,0.005360288377325455,0.0006924948854912814,5,0.00027512567188863276,6.156461912761437e-05,5,0.0011137197603684388,0.0004793646076542457,5,0.11949462090769118,0.03459345781918871,5,0.35610584677419355,0.009206302416424013,5,0.24916834677419356,0.005697220222159929,5,0.936925445602786,0.0019154527223512788,5,2.5848037269302915,0.04672378669616633,5,1.192363784544891,0.03602227679216783,5
graph,0.0,-440.45851359519986,30.7204508223775,5,278.58390236363533,22.86312696682038,5,0.00035175032213711794,0.000493988428976717,5,0.01754032258064516,0.018558382869389427,5,2.2899372805203164,0.2079338099915993,5,-417.8154405966401,85.9679009020532,5,0.0,0.0,5,0.0,0.0,5,2.346397874012589,0.6502962250891169,5,0.8846984711385542,0.0172705612041394,5,1.008867906024379,0.0733017182658863,5,-0.0008300881648736581,6.179705664654178e-05,5,0.012423038481614473,0.003178790015813378,5,0.00043576325106238766,7.962546609874762e-05,5,0.002746118950060634,0.000719235226105749,5,0.1148294702773132,0.010232667862088816,5,0.0010685483870967742,0.001457429124196148,5,0.0005645161290322581,0.0008137662854162594,5,0.892966343072153,0.010605456610846442,5,3.5074899873502785,0.29560827329385886,5,3.7547190558987276,0.19344180147561815,5
graph,0.25,-70.62290983952342,52.11876189642589,5,558.6103329660191,66.34442357170602,5,0.0999193629674376,0.021806052287123807,5,0.7362903225806452,0.0806352375446614,5,1.1359515329678695,0.09872767645697061,5,-75.88233948163688,251.10061761954157,5,0.09572696981882427,0.09366194002631324,5,0.18975,0.16267634662113603,5,1.382132575076772,0.923660481400785,5,0.9412776166392911,0.010808890334705565,5,0.7604516363913014,0.04846635671204988,5,-0.0009198427105266386,0.00010266915917770968,5,0.01290322201942359,0.004219694220515053,5,0.0005008302220775543,9.522044903474554e-05,5,0.0034288508100648223,0.0010908342424149318,5,0.16263293485487657,0.03078790315518379,5,0.20869153225806453,0.03836198433204933,5,0.14065826612903226,0.025639277663418034,5,0.9259461832507965,0.0034088977501753985,5,2.7866243783394173,0.1451796873450006,5,1.6210208982993521,0.12480515906593999,5
graph,0.5,-17.283585864149273,39.25925975835261,5,604.3921094428748,32.947339151307425,5,0.11216171110246802,0.018363453472098442,5,0.8227822580645162,0.04735301919723993,5,1.1274513082576374,0.04909108531027773,5,-91.51132174134254,210.07205670353574,5,0.07835350801702531,0.0911305174664222,5,0.152,0.1597669200742131,5,1.2177804432972335,0.47160193843660203,5,0.9512476965304344,0.007987503969960473,5,0.6643916249467481,0.04605091843334436,5,-0.0008152458201365764,0.000127943878313518,5,0.010256692699096565,0.003081114287688918,5,0.0005269799764786878,6.63135835420514e-05,5,0.0037889415353081685,0.0007446128969763664,5,0.17658211687399492,0.04677242522969886,5,0.235476814516129,0.03565930313969855,5,0.16490625,0.024688458702604433,5,0.9364617359311351,0.0016402779232692903,5,2.8169990847423194,0.056942644546476,5,1.4589442951482152,0.05078977853284115,5
graph,0.75,-29.084086428798976,109.5201123020632,5,610.8573895086445,102.1884464991886,5,0.11060313385144879,0.05090267316651103,5,0.7799395161290322,0.1574576929008394,5,1.1059455701665533,0.14956611138149542,5,-67.72246171422303,135.76617545717457,5,0.09236742164647424,0.05012808342846732,5,0.17475000000000002,0.08666296065794198,5,1.0571567674458493,0.5230666439362986,5,0.9506036893013985,0.014014224806594705,5,0.6829496438272538,0.05433028254367842,5,-0.0007855048105653188,0.0001540957341012059,5,0.01022766037874159,0.0038418829309836105,5,0.0005391895694638937,0.00012734662697917086,5,0.004019153229132924,0.0012858132315599895,5,0.17672325564968966,0.05306017453226636,5,0.2243467741935484,0.09074439805869396,5,0.1563850806451613,0.06374980576715937,5,0.9363285277062847,0.0013480501458460114,5,2.8467288399247392,0.2289431054923399,5,1.4418360939244592,0.15610050420326618,5
graph,1.0,-108.42070160091164,140.72433964788368,5,525.0149896803763,101.54811881797426,5,0.07819334565399037,0.06305186384460201,5,0.6235887096774193,0.2466151085631051,5,1.2009599430443298,0.22371360880391156,5,-22.757143731042742,207.10929365383828,5,0.11490543772834286,0.11047436650436904,5,0.207,0.15872194634013279,5,1.0590449256168213,0.5028273448211444,5,0.9494798194977545,0.005852700745352787,5,0.8060401294885142,0.056590442510567,5,-0.0006880877163697506,0.00010903701923161383,5,0.013922235806352379,0.005206742352690556,5,0.0004828593236022876,6.65102069178662e-05,5,0.0032351915372313064,0.0006380367206537346,5,0.13815049923115197,0.026272104704780804,5,0.15972278225806452,0.11372016531970679,5,0.11178326612903229,0.07967454955876464,5,0.9365287003632515,0.0012343489494169209,5,3.0044424030127064,0.30178821896511415,5,1.5503298647723371,0.23519547844421165,5
graph_zm,0.0,-528.1360303012594,14.703146164915278,5,199.26751583208957,13.264658914380773,5,2.374845503184449e-05,2.338596407869822e-05,5,0.001814516129032258,0.0014521028519040254,5,2.344525579327537,0.17206071653857935,5,-482.7329972088337,128.78666188840944,5,0.0,0.0,5,0.0,0.0,5,2.1387414777241647,0.9148299358369552,5,0.9111295763523348,0.010790615486930685,5,1.2893473768234254,0.049161059383986135,5,-0.00020631760811962494,1.3419995157254274e-05,5,0.020168641082822264,0.006250473807016191,5,0.0003750790581088485,0.00011415807842581761,5,0.0010559475782452505,0.0006818850379044901,5,0.05672210256238615,0.009423250103338757,5,7.963709677419355e-05,7.916676650321399e-05,5,3.3266129032258067e-05,3.765090604230463e-05,5,0.8636060305776134,0.02112443884565487,5,3.3508989696868006,0.21854897446532467,5,5.349523670627225,0.06806912366226002,5
graph_zm,0.25,-55.315800374836456,35.60289280711745,5,594.0976072454705,25.238935636926925,5,0.12728462368386645,0.018721206363789992,5,0.680241935483871,0.03502317026555497,5,1.011635967685811,0.056706534253743904,5,158.4141343805939,275.23597861353517,5,0.21544571791297598,0.12108705058114126,5,0.3895,0.18154200615835442,5,0.9158412243209314,0.5915691791621409,5,0.9529945775385826,0.009600643541018195,5,0.9269956634313828,0.06183686224392085,5,-0.0003509261769403817,1.648983125059962e-05,5,0.011217286553564281,0.004672347630536887,5,0.000784732050044242,3.161540111446821e-05,5,0.005196260072273485,0.0005055492626739417,5,0.27479613649989326,0.09931342848986793,5,0.25060786290322584,0.029559719734162337,5,0.16052318548387096,0.017795155427343275,5,0.8842176387252346,0.009104728611787512,5,2.6508016540042814,0.06031471783830871,5,1.8497277807836092,0.11466115197038246,5
graph_zm,0.5,117.27160189243094,26.278159197432885,5,730.8378962860472,39.55498856787114,5,0.18715124450686332,0.014836359832456134,5,0.9148185483870968,0.038425642243036136,5,0.8737045773730404,0.032737736428023134,5,225.51206713058053,221.06301053356833,5,0.24635509905299977,0.11043951045682707,5,0.4255,0.15163844746633356,5,0.7988280042330734,0.40867942751638797,5,0.9467072615700383,0.006285409332805975,5,0.737627707912076,0.052193264455168274,5,-0.00033752742407904923,7.842644898226455e-06,5,0.005761699448264483,0.000736905671169296,5,0.0006276244675896185,3.945874486588413e-05,5,0.004310362903002678,0.0005700196662704618,5,0.29660375149259643,0.05774401196201122,5,0.3464677419354839,0.022726642759976715,5,0.24232459677419355,0.01652693313572595,5,0.9364663442738594,0.0019778055647281206,5,2.575956794374172,0.07404839575876704,5,1.204512617411633,0.03331342268055063,5
graph_zm,0.75,106.37893869203906,36.764365642063176,5,720.4998326872626,22.409665548785068,5,0.18143690756720335,0.018578649700756317,5,0.9189516129032258,0.03234536448098723,5,0.8893506191130127,0.047210750979613775,5,224.5329754039645,225.53823381470013,5,0.24381158726413527,0.11329770400376155,5,0.42575,0.15418029219066876,5,0.8242592703800182,0.3680878597952647,5,0.9484833394327472,0.007576459012941433,5,0.7123243528989054,0.030827430811102466,5,-0.00031038173230901566,1.967082089847009e-05,5,0.005583774213183383,0.0005788176916908271,5,0.0005866887251980596,8.651499479577038e-05,5,0.003961502015405199,0.0006264345301217989,5,0.21200902890534165,0.04577947597981296,5,0.3382288306451613,0.028118689765715344,5,0.2357016129032258,0.01946101099382297,5,0.93676329156468,0.0014338712238881756,5,2.619643117642691,0.10440484274248807,5,1.222418868024263,0.061198240305117536,5
graph_zm,1.0,89.43981798183054,45.743136786191606,5,710.0434269350142,61.29986951588372,5,0.17275967404167888,0.023814754283294628,5,0.8964717741935484,0.05295410015111934,5,0.9045924733358046,0.05523140427542389,5,176.9539803799242,236.13092474528912,5,0.22753340590822796,0.12909166607202477,5,0.37875000000000003,0.16416931046940533,5,0.813484916071291,0.4411328557052784,5,0.9497240531829096,0.010780781747286423,5,0.7088597490518324,0.059453359658499634,5,-0.00030528346843354905,3.461794887912476e-05,5,0.006484593270166215,0.001141639533163121,5,0.000573437822004602,0.0001133249736263021,5,0.003912217743725718,0.0009162801021325217,5,0.20205494470413649,0.07803056342343262,5,0.3244092741935484,0.03632283024742301,5,0.22609879032258068,0.024418459574117566,5,0.9361071855464289,0.002020055909100862,5,2.653633980759209,0.11717670651385852,5,1.242225515500913,0.06602561737738497,5
identity,0.0,-497.3816779674782,11.713776449262546,5,212.82630945484965,26.794246517182966,5,6.200168681429178e-05,6.476257241376296e-05,5,0.004233870967741935,0.0033166701363633267,5,2.0468438763310832,0.08665308132131481,5,-449.48863814771175,97.90623538579133,5,0.0,0.0,5,0.0,0.0,5,1.6298366520227863,0.46638885075354525,5,0.9133898623528018,0.014995119817134023,5,1.2871406240617076,0.0539154860114441,5,-0.00012067367287629325,5.397845354453967e-06,5,0.014256051762420036,0.002668933452210142,5,0.00013389835954988606,1.6256727622465882e-05,5,6.239919376609857e-06,1.1996094797574797e-05,5,0.04689621403813358,0.004057156113005604,5,0.00018346774193548387,0.00018698849541630658,5,8.165322580645162e-05,8.269816250803906e-05,5,0.860554186697929,0.018060675233004152,5,2.9238258970581716,0.08967834528496992,5,5.3659955587925445,0.16846459951590423,5
identity,0.25,-22.000117936123523,10.864892924523863,5,600.1186409338168,25.129417213047113,5,0.14519124593335736,0.0022902566054337865,5,0.7130040322580645,0.016190344654009335,5,0.9603522765622025,0.015630488170522178,5,186.941276024282,263.5462330611602,5,0.22918046989307492,0.11406336839467873,5,0.40774999999999995,0.17747446999498262,5,0.8300632204391295,0.36191188901363647,5,0.9450020219049147,0.005473704360770688,5,1.003045134255963,0.06801318458436972,5,-0.0001647907325033133,1.864243463608976e-05,5,0.009854352512967634,0.0006033555051155427,5,0.0002706461296147141,3.412274677419349e-05,5,0.0006244858873082226,0.0002898786356646536,5,0.12487404303925649,0.005246812352517403,5,0.2793860887096774,0.003243112520917003,5,0.17692036290322583,0.004546449198239739,5,0.8776538422549924,0.01317815770371592,5,2.5589197094017457,0.07562634551936291,5,1.8516812440813066,0.0811022031943757,5
identity,0.5,134.10475996367393,20.602289959247052,5,711.029661169552,46.97151505583497,5,0.19687629472483914,0.01094271136155234,5,0.9359879032258064,0.011354718070633868,5,0.8537073519563962,0.02880938019605874,5,227.00135014802217,223.79544485688015,5,0.24807607881765437,0.11308890653403132,5,0.426,0.15212915976235455,5,0.7928852238273247,0.38945748891716114,5,0.9428644428330083,0.004142718331850025,5,0.7910050593845306,0.04340419132750871,5,-0.00016578181473714176,2.104452713477987e-05,5,0.005173017873593948,0.000514526481845068,5,0.00021021319624995677,4.0358719695133345e-05,5,0.0005780947577471477,0.0002941523756367634,5,0.10938479623366744,0.011611162157986025,5,0.360758064516129,0.01505519068642478,5,0.2519929435483871,0.009637868213193302,5,0.9356704053532692,0.0018812876868141075,5,2.549668255912441,0.0769923250517615,5,1.1818303866590703,0.03936157164921267,5
identity,0.75,129.30113569815313,20.664889678283846,5,723.2631445351146,65.00473302402514,5,0.19467881148605554,0.009557829125140901,5,0.9350806451612904,0.01286220799011014,5,0.856279052853344,0.020504897976680894,5,227.98587873987853,223.56750203624242,5,0.25084096036687614,0.11286918440964055,5,0.426,0.15376117845542156,5,0.7659135131621733,0.37717718692462837,5,0.939174344078187,0.00778801852269124,5,0.7843051818686148,0.0533602208938847,5,-0.00015290793839719668,1.390998062529584e-05,5,0.005571763872754741,0.0010003241873441594,5,0.00018157426121797254,4.547309362722365e-05,5,0.00044801411395440055,0.00018704911027953296,5,0.09258978750316361,0.01347965667514525,5,0.35734475806451615,0.014462602664571774,5,0.24959173387096775,0.010037639490206245,5,0.9368381763581306,0.0013808135137502219,5,2.576667074958403,0.09280465959236385,5,1.1892945925326597,0.034960177819001514,5
identity,1.0,126.95344881477857,24.471997839378005,5,728.3200775054675,54.86685542023359,5,0.19365482251825944,0.011272107267033005,5,0.9348790322580646,0.015310472454904982,5,0.8619720347213649,0.03262904546320338,5,225.40609476976095,223.0460225890438,5,0.24712843910292484,0.11199493154056722,5,0.426,0.15376117845542156,5,0.7917111035501585,0.3662144953806066,5,0.9413708738742337,0.007180252177739023,5,0.7799695246642636,0.05185741471867703,5,-0.00015389337974245135,1.6435259148756217e-05,5,0.005400294995145641,0.001107564177449684,5,0.0001705120725180019,3.323427747198231e-05,5,0.0004005040322426036,0.00017703086202244662,5,0.08580871010139099,0.011265950035544023,5,0.35628931451612905,0.01503227575903948,5,0.2486875,0.00972567798731893,5,0.9366436196219536,0.0011334061427898377,5,2.5918239099265588,0.09449081735953842,5,1.1962668335440179,0.04995894092760146,5
