module,alpha,seed,n_iters,total_steps,train_return_late,train_return_early,train_return_delta,train_task_score,train_capture_rate,train_pursuer_dist,eval_return,eval_task_score,eval_capture,eval_pursuer_dist,explained_variance,entropy,policy_loss,value_loss,approx_kl,clipfrac,grad_norm,ratio0_max,ratio0_min,nan_count,cap_c1_participation,marginal_c1_rate,knn_c1_sighted_frac,dist_full_sight,dist_sensor_limited
attention,0.0,0,625,2000000,-427.3660510188389,-732.7239747124333,305.35792369359444,0.0003805167583390921,0.01663306451612903,2.0492117026928933,-459.75529128313065,0.0,0.0,1.6584677494317295,0.895459177993959,1.0333336550381875,-0.000329826401281187,0.009172396439938727,0.00047568610553169646,0.0025841733839173727,0.0823391341333908,1.0,1.0,0,0.0011491935483870968,0.000685483870967742,0.8619571250100289,3.1167404260173917,3.9304169056107927
attention,0.0,1,625,2000000,-448.8666012210231,-716.1943107112761,267.327709490253,7.33350596598343e-05,0.005040322580645161,2.1368136936618436,-358.2276864349842,0.0,0.0,1.6141584222647363,0.8905078662979987,0.9398208631623174,-0.00033479265052625633,0.01040598032996054,0.00048033219821207987,0.0025995463826244815,0.09450792983294491,1.0,1.0,0,0.0002318548387096774,0.0001814516129032258,0.8871220175873848,3.2852405983209603,4.140128626054332
attention,0.0,2,625,2000000,-408.68348651355313,-712.6544322736802,303.97094576012705,0.00028352260718363906,0.01965725806451613,2.158068384730046,-297.584972307086,0.0,0.0,1.9137737961485983,0.8952377150135655,0.994185171684911,-0.00032605491240462597,0.00872500022617914,0.0003869344864858298,0.001976411292173776,0.07265609065972026,1.0,1.0,0,0.0008770161290322581,0.0006300403225806453,0.8787212392687797,3.4061302260525768,3.3823284437002674
attention,0.0,3,625,2000000,-498.1848167027197,-751.253058010532,253.0682413078123,1.4392119823562904e-05,0.0015120967741935483,2.305418102174036,-444.692382350564,0.0,0.0,2.694619556590915,0.8830480267924647,1.1940552363472599,-0.00030593168665672585,0.016121746161051286,0.0005414964760004672,0.0028520161222976882,0.09015886313732589,1.0,1.0,0,4.536290322580645e-05,1.0080645161290323e-05,0.8637428393671589,3.35657720368716,4.927111110802619
attention,0.0,4,625,2000000,-416.97808736370456,-703.0288095704971,286.0507222067925,0.0006865401340835501,0.03225806451612903,2.070445068459357,-398.4991704002023,0.0,0.0,1.0014002627460286,0.9036874646140683,0.9407765388488769,-0.00034092075210290565,0.00934329018777892,0.0004073589509088654,0.0022627520093127275,0.08165732081979508,1.0,1.0,0,0.0020766129032258065,0.0013911290322580643,0.8734317797999227,3.191989732211636,3.7322579600734094
attention,0.25,0,625,2000000,55.30896208387229,-668.3451533009929,723.6541153848652,0.1620989311029409,0.8563508064516129,0.9656767587724231,68.42887996137142,0.16574812956950244,0.31625,0.9080023568589239,0.9410458178289475,0.7623175334545874,-0.0004185999765127726,0.006159037863835647,0.0005579434485587585,0.004072227820465546,0.22365534770632944,1.0,1.0,0,0.3130241935483871,0.2119758064516129,0.9209965865073667,2.6429251041551747,1.4354916082611007
attention,0.25,1,625,2000000,38.91873923665093,-681.5612565240552,720.4799957607062,0.1496926493724103,0.8523185483870968,1.0090002397772286,361.99878576025367,0.31622833816932516,0.49374999999999997,0.5615449958277168,0.9374731346484153,0.7813875382946383,-0.0004398719778498152,0.007473477821857164,0.0005984933236716956,0.004014566530649044,0.18977253187087278,1.0,1.0,0,0.2976411290322581,0.2018195564516129,0.9252931012934256,2.7216679566113218,1.4236568715615618
attention,0.25,2,625,2000000,-4.950602874880837,-626.9503730343234,621.9997701594426,0.13291241139865198,0.7893145161290323,1.038124058789784,484.45362950861454,0.375908354883282,0.60375,0.6061965727765346,0.9358188942555459,0.8118860814840562,-0.0004200979773100346,0.014109324560230247,0.0005214676931226649,0.003777923392578538,0.16643574526233051,1.0,1.0,0,0.26797883064516126,0.1830796370967742,0.918703239598582,2.6569267730511004,1.533423838769236
attention,0.25,3,625,2000000,54.709104278695676,-722.5810210243349,777.2901253030305,0.1635595900741364,0.8472782258064516,0.9508450792189086,258.98083604872227,0.19737358854708956,0.48249999999999993,1.444619676962029,0.9493271218192193,0.7268451915633294,-0.00042782636183893703,0.005341429887489638,0.0005821633502717454,0.004160282257168584,0.19880538898850633,1.0,1.0,0,0.3138205645161291,0.21255544354838712,0.9215927842932363,2.58535959020257,1.4187308986316767
attention,0.25,4,625,2000000,91.10937670305852,-624.1850104870334,715.2943871900919,0.1755996705655294,0.8946572580645161,0.9116957196665387,-67.41854450851679,0.12868644111364225,0.2225,0.7291432327625808,0.9477017127698467,0.7178822287628727,-0.0004211089066196273,0.005750493899798869,0.0005409682578819531,0.003505443553067042,0.1936350690741692,1.0,1.0,0,0.33158266129032254,0.22304435483870966,0.9240049389004708,2.5267460191273883,1.313174767708105
attention,0.5,0,625,2000000,137.81232732101793,-662.7390382289886,800.5513655500066,0.19597658126771872,0.9425403225806451,0.8906968922961143,67.47045512869954,0.17114160965853265,0.32,0.8698034777084831,0.9496401394567182,0.697721981233166,-0.00036778415920473627,0.0042438459732839695,0.0005259902376242682,0.0038845262111862665,0.19156326007458468,1.0,1.0,0,0.3658064516129032,0.25564516129032255,0.9378125427711393,2.5908854607312435,1.2096837381465781
attention,0.5,1,625,2000000,111.14270526122662,-606.4316962034471,717.5744014646738,0.17896974723960313,0.9334677419354839,0.9378415957706109,364.12340538576245,0.32684597800020365,0.495,0.5145312884356827,0.9352807402610779,0.7161437791201376,-0.0003636263916662855,0.0066747027411755986,0.00048015591819269604,0.0031541330666450254,0.2067275630730775,1.0,1.0,0,0.3441834677419354,0.24079637096774195,0.9368988040762564,2.6666859394023494,1.2450534142734064
attention,0.5,2,625,2000000,123.2816855154571,-642.8061474292509,766.087832944708,0.1866418364873602,0.9304435483870968,0.8994315856022219,476.956280130893,0.36872901741030495,0.6000000000000001,0.6273588434664998,0.9408569307096543,0.688964248376508,-0.0003380192955700956,0.005404998651224949,0.00040014804378083407,0.0025938508134663893,0.15580341439814335,1.0,1.0,0,0.3515675403225807,0.2454183467741935,0.937100416652618,2.499115701769629,1.2306004578319767
attention,0.5,3,625,2000000,95.44519879356507,-665.3799159449916,760.8251147385566,0.17287004564233094,0.9233870967741935,0.9631267930230786,240.24293174222112,0.17020902064303045,0.47624999999999995,1.800459802270052,0.9488552183874192,0.6280805923285022,-0.00034120856682638516,0.004710027506019148,0.0003964735007865028,0.003032207658514098,0.162954037912911,1.0,1.0,0,0.33517137096774197,0.2362852822580645,0.9367742362041627,2.681795991526977,1.3024734503235067
attention,0.5,4,625,2000000,147.10070883170252,-611.2853167749221,758.3860256066246,0.19840588324327102,0.9485887096774194,0.870769930546202,-67.03560071438551,0.128529483551379,0.22125,0.7214913165569306,0.9494005855052702,0.669668504307347,-0.0003969674774000445,0.00405411468105265,0.0005074136548122273,0.003155191539442391,0.19414903135789977,1.0,1.0,0,0.36740423387096766,0.25607862903225803,0.9336254744375906,2.4943555038037797,1.189854266607473
attention,0.75,0,625,2000000,132.92676025629044,-701.7845700325504,834.7113302888408,0.19314839431180683,0.9405241935483871,0.8885456174936506,74.70874805748463,0.1703877132326909,0.32,0.8780791590700391,0.9513841761696723,0.6424020229808745,-0.0003116734505013081,0.004474042762716765,0.00043200367201142874,0.0034004032228509094,0.2886712650017392,1.0,1.0,0,0.36004536290322575,0.25033266129032256,0.9375943685635444,2.5830381421744826,1.2072901639150035
attention,0.75,1,625,2000000,116.32195580005646,-627.7631235122681,744.0850793123245,0.1871745468522933,0.9344758064516129,0.8733763285630173,368.8695514500141,0.3463421869251048,0.495,0.42942392312048466,0.9395674236359135,0.7274407379088863,-0.0003152399878171768,0.006257725597899962,0.00045432694904899387,0.0032208165254609088,0.17205150555819268,1.0,1.0,0,0.3475655241935484,0.24177419354838714,0.9372818682462939,2.657152058277881,1.1919868936966502
attention,0.75,2,625,2000000,101.08463392863351,-694.1974642968947,795.2820982255282,0.17608126263239152,0.9233870967741935,0.9129486142964133,446.06985729187727,0.35365818963812884,0.57,0.6116034873179159,0.9360119460090515,0.6155679074025922,-0.0002782945746271566,0.005408622195283203,0.0002721902552422787,0.0014479334704270424,0.0968604584014223,1.0,1.0,0,0.33407258064516127,0.23154737903225808,0.9378787867100008,2.553828598818472,1.2495730023422547
attention,0.75,3,625,2000000,114.98802945786908,-723.1222748064225,838.1103042642916,0.18500311183683965,0.9314516129032258,0.9081417384010648,266.6498015727848,0.19571589831245326,0.49,1.5036510972277028,0.9557047226736622,0.685566686045739,-0.0003334410169485861,0.004100784091954821,0.0004609714021491195,0.0032399697608906384,0.20376209039841922,1.0,1.0,0,0.34853326612903224,0.24505544354838713,0.9382956937628408,2.6331378498913773,1.2467640972137455
attention,0.75,4,625,2000000,150.11632565216672,-610.3497179323628,760.4660435845294,0.20133831111587383,0.9485887096774194,0.8470542223571289,-63.31010667607188,0.13056753516847736,0.225,0.7234141600877046,0.9511838247699123,0.6435128298497969,-0.0003892247089438871,0.004133128447668397,0.0005516867009817464,0.003352520162221547,0.2028252466311378,1.0,1.0,0,0.36828629032258065,0.256960685483871,0.9349244383362032,2.4796037325359164,1.1657140851369308
attention,1.0,0,625,2000000,117.49361609210891,-708.0263207958591,825.519936887968,0.18829239394990036,0.9344758064516129,0.8730446305931093,74.09629463590682,0.17082158032387912,0.32,0.8733116431283996,0.9539377295201824,0.7603904827948538,-0.00031996592289043716,0.005686369561590207,0.0004819885537244239,0.0030724294383147333,0.16404673084616658,1.0,1.0,0,0.3479939516129032,0.24218245967741933,0.9376066090118502,2.6166671460169937,1.2044565941549599
attention,1.0,1,625,2000000,140.20438546759468,-631.9124841074789,772.1168695750736,0.19819558927852712,0.9425403225806451,0.8516295197449865,364.44225665926933,0.3359513086155499,0.49250000000000005,0.46625011708296366,0.9502394785804134,0.6350280534836554,-0.00032166039976772606,0.0043085884907462626,0.00044744053702283447,0.0031981350858087403,0.1882212562546614,1.0,1.0,0,0.36390625,0.2534375,0.9360772315052246,2.572915434673909,1.1578551947986406
attention,1.0,2,625,2000000,118.49572601289519,-633.2477862604203,751.7435122733154,0.18542534779650577,0.9299395161290323,0.888210295260914,473.8306128717959,0.3730551872095681,0.5937499999999999,0.5916245452885049,0.9426663123792217,0.6619328271958137,-0.00026681348179112004,0.006171092471378176,0.00028848789760510475,0.0020271169380828994,0.10340809944055732,1.0,1.0,0,0.34709173387096776,0.24378528225806448,0.9369427268447413,2.5103967229565303,1.2226325785476833
attention,1.0,3,625,2000000,108.1437834871392,-671.4285384147398,779.572321901879,0.18296171715522916,0.9238911290322581,0.881154417833013,143.38305274769664,0.15028411532302877,0.37,1.4628974946192468,0.9463950068719925,0.66948382844848,-0.0002908549283963575,0.004398641539286894,0.0003502496941168834,0.002350403236971804,0.1239309168210433,1.0,1.0,0,0.3397832661290323,0.23931451612903226,0.9374553995555448,2.6147124945997233,1.2230454768432724
attention,1.0,4,625,2000000,116.88009249875623,-576.1024970623755,692.9825895611317,0.18078932683011417,0.9420362903225806,0.9271091785053573,-74.24269177392125,0.1242431893530061,0.2175,0.7509420766436959,0.9517122824345866,0.6536304457533744,-0.0003338964341092482,0.005023841260586849,0.0003903179608182406,0.0023722278246608186,0.12735673746154189,1.0,1.0,0,0.3445564516129031,0.24042338709677422,0.9337730845808984,2.589050067692033,1.244932844358827
attention_zm,0.0,0,625,2000000,-574.218234246777,-718.6285291102624,144.41029486348543,0.0,0.0,2.8073888571992995,-585.0441499054432,0.0,0.0,2.7460200744215397,0.8724730697370344,1.3552333197286053,-0.00010803316545293595,0.0269869399767729,9.454641120069502e-05,3.916330723210982e-05,0.03901302557919291,1.0,1.0,0,0.0,0.0,0.8896911412669767,4.091993812034207,5.15556325181838
attention_zm,0.0,1,625,2000000,-556.4576890718553,-741.7359262012666,185.2782371294113,0.00012862997456103536,0.006048387096774193,2.649158947833123,-462.7038535773754,0.0,0.0,2.108679193109274,0.8863320129532968,1.1187560329514166,-0.00016658713904039093,0.028238310821113992,0.00028292209127338995,0.00035589717612779023,0.04780256030480222,1.0,1.0,0,0.00043850806451612904,0.0002772177419354838,0.8202534933388234,3.696426790625818,5.6339089935056625
attention_zm,0.0,2,625,2000000,-529.286163437751,-734.6265624261672,205.34039898841615,6.034953439643493e-05,0.003528225806451613,2.340310954816881,-231.35266522318125,0.0,0.0,1.0205329625774175,0.8948832452297211,1.3159742416874054,-0.00013041177867356303,0.022529106732878428,0.0001416429775885992,0.0001638104837359979,0.04708714032125084,1.0,1.0,0,0.00019153225806451614,5.5443548387096784e-05,0.8081279168494285,3.2277885369235464,5.526194800676839
attention_zm,0.0,3,625,2000000,-516.4243868474038,-735.036163237787,218.61177639038328,3.395568476021632e-05,0.004032258064516129,2.248080826238278,-433.71646799892187,0.0,0.0,2.7829069310682826,0.9198825474708311,1.3189027290190423,-0.00019107642142510582,0.010938848583628527,0.00027386099487862356,0.0008366431438492099,0.05710444722564945,1.0,1.0,0,0.0001058467741935484,4.0322580645161284e-05,0.8711629146241372,3.1916240158004148,5.182212470346882
attention_zm,0.0,4,625,2000000,-504.62437220446526,-694.102826733743,189.4784545292777,4.654376326070645e-05,0.0030241935483870967,2.1893733855697413,-610.9501896798611,0.0,0.0,2.9161164205148817,0.9273932008974014,1.1999404870694683,-0.0001912634156917439,0.010924201165025463,0.00027923842351315923,0.0005233870946892204,0.05649899396925198,1.0,1.0,0,0.00014616935483870966,3.5282258064516126e-05,0.8552700563976844,3.0343305089877495,5.558841094316977
attention_zm,0.25,0,625,2000000,-23.99569270783855,-660.244864921416,636.2491722135775,0.14630315776040204,0.7142137096774194,0.9532949808191868,23.58371900767088,0.16992345037074008,0.32,0.8834466400300152,0.9537402362592758,0.9334771014990345,-0.0002861074873611628,0.008541357582585176,0.0006291906795633486,0.0034525201679864196,0.2058373225912932,1.0,1.0,0,0.2797933467741936,0.17464717741935484,0.8766035827417527,2.6204750698876955,1.8096635909546768
attention_zm,0.25,1,625,2000000,-41.055839681336955,-649.9158989383328,608.8600592569959,0.13715290715061418,0.6955645161290323,0.9788642271740302,370.9382383674383,0.3525217736389229,0.495,0.40421194290276613,0.9533004953015235,0.9180910340239925,-0.00029340088505314235,0.01053886430548319,0.0006831566987010457,0.004592590722765387,0.23137939849327646,1.0,1.0,0,0.26719254032258066,0.17239919354838712,0.8704363883887567,2.7042466678662644,1.842289618626237
attention_zm,0.25,2,625,2000000,-27.493237964959153,-685.805184548901,658.3119465839419,0.14000549696494205,0.7116935483870968,0.9817845576881402,471.97736271098256,0.358763482446279,0.59625,0.662211338597117,0.9488826672877034,0.8904960815944979,-0.0002764539311533696,0.010147503238441671,0.0006416455780595971,0.004163407267333202,0.2547992692599374,1.0,1.0,0,0.2737953629032258,0.17715725806451615,0.8686557136427973,2.504476531522889,1.8801426251112454
attention_zm,0.25,3,625,2000000,-43.709005514700564,-683.757731545356,640.0487260306554,0.14246015863944914,0.6819556451612904,0.9914139988105144,207.00492985919118,0.18351763946782412,0.455,1.4793359212204813,0.9508250826789487,0.9440206431573438,-0.00033904719451536067,0.008336022053845179,0.0008060143612323179,0.005287298402529976,0.2948007064841447,1.0,1.0,0,0.2764868951612904,0.17566028225806457,0.886205397940451,2.6688799939857373,1.9620465591021121
attention_zm,0.25,4,625,2000000,-19.792808470706785,-589.9656444364979,570.1728359657911,0.14359748342326584,0.7152217741935484,0.9468624628671714,-177.50814687088132,0.08306845632017035,0.145,0.7455895473761484,0.9525484019710172,0.9728287317099108,-0.0003076992996317593,0.009232381507453855,0.0006665885429824407,0.0037408770180556734,0.23391647453029307,1.0,1.0,0,0.2748739919354839,0.17366431451612904,0.8821248968474327,2.550587397388393,1.7766020782243823
attention_zm,0.5,0,625,2000000,119.88118008452076,-659.2128292591341,779.0940093436549,0.19018687898833056,0.9304435483870968,0.8766979267880801,76.38130526989698,0.17227592794080715,0.32,0.8574865845730528,0.9522728843073691,0.6833124776040355,-0.0002273339003343019,0.004534370751841128,0.00042555009108364433,0.0029206653235661854,0.2305760039677543,1.0,1.0,0,0.35184475806451626,0.24412802419354837,0.9367922375567497,2.636446234374758,1.2091679058788762
attention_zm,0.5,1,625,2000000,112.20712756774118,-637.3335967909906,749.5407243587317,0.18531940429179175,0.9284274193548387,0.8703101272135974,371.31374751776457,0.34900861264753974,0.495,0.4183166340005118,0.9396479052882041,0.7825872154966477,-0.00025868341727510705,0.005793781776071267,0.0004002420634661074,0.002387399191555248,0.17509741674387644,1.0,1.0,0,0.3436542338709678,0.2391078629032258,0.9362622837866507,2.6476363697287537,1.1908026608476234
attention_zm,0.5,2,625,2000000,133.51588263362646,-615.5461699193523,749.0620525529788,0.1939239007103069,0.9334677419354839,0.8856091697405902,485.62857138738036,0.3804713914302421,0.605,0.5901334934105398,0.946073111987883,0.7191785738352806,-0.00023501237053550887,0.005454025095358683,0.00040378844438643724,0.002479889121047603,0.18718051821474102,1.0,1.0,0,0.36232358870967735,0.25336693548387096,0.9357395294308661,2.497235050201416,1.2173125807219936
attention_zm,0.5,3,625,2000000,111.19424255624894,-657.9338140026216,769.1280565588705,0.18497375881231573,0.922883064516129,0.8863180398039759,266.08177007362247,0.2018035433631522,0.485,1.4033729859848973,0.9459124649724653,0.7606141770078289,-0.0002562279765576899,0.004814543679446658,0.0004310756418339169,0.002794556457023775,0.22552115578324564,1.0,1.0,0,0.3446270161290322,0.24241935483870966,0.9368577614811155,2.623782875903191,1.2285088684409855
attention_zm,0.5,4,625,2000000,141.87786908832288,-526.3540251995287,668.2318942878516,0.19844034272602362,0.9450604838709677,0.8500660332965275,-71.01415168866515,0.12419933692440195,0.22,0.7719377024751156,0.9484377243826466,0.6933640914578593,-0.00030146694244873365,0.004546245290417049,0.0005414160542884225,0.003147983867957846,0.2522880355557126,1.0,1.0,0,0.36332157258064524,0.2535181451612903,0.9348070707628803,2.5139357410106933,1.1748532908085372
attention_zm,0.75,0,625,2000000,103.75528094701228,-680.1798662293342,783.9351471763464,0.18028300048938026,0.9178427419354839,0.8930126210494388,74.51082584634423,0.16980077747069128,0.32,0.8845632841135375,0.951143394554815,0.7403868152249243,-0.00024685868298259797,0.0058507255721656545,0.0004694544912718575,0.0028897177422197587,0.18952690771510525,1.0,1.0,0,0.3365524193548387,0.23432459677419357,0.9374373983663895,2.6471575284677167,1.224227784074122
attention_zm,0.75,1,625,2000000,102.16376660499841,-609.1484568195958,711.3122234245942,0.17992004293075484,0.9203629032258065,0.8704128312812218,368.6963292732835,0.3447772113542754,0.495,0.4360386216337792,0.946339076565158,0.7032413930662216,-0.000244063122547587,0.006197370244790898,0.0003859870825414522,0.0026159274206116545,0.16196268184651283,1.0,1.0,0,0.3336239919354839,0.2335131048387097,0.9364127735168704,2.6589440404960225,1.1908248908228936
attention_zm,0.75,2,625,2000000,140.52510599022912,-618.9754908161779,759.500596806407,0.1987143617198485,0.9400201612903226,0.85992747144353,481.9338669292629,0.37828717518425037,0.60125,0.5895178146072431,0.9457272050842163,0.6674572225539913,-0.0002241673998007874,0.004560214438055025,0.00026186535387693276,0.0015029233882511732,0.12334013428058353,1.0,1.0,0,0.36643145161290336,0.2563608870967742,0.939048862245775,2.4804675246823216,1.193443432656988
attention_zm,0.75,3,625,2000000,85.22045141650784,-679.2274304897554,764.4478819062633,0.17318257174747936,0.9092741935483871,0.9122839186653015,265.59603083878756,0.19766666211903502,0.49,1.4789620331622428,0.9498883831885553,0.7790678947202622,-0.00023455272805243595,0.005137514307974763,0.00031041690136650036,0.002000655237621175,0.1490426545782435,1.0,1.0,0,0.32679939516129036,0.22891129032258065,0.938180485502366,2.725465721199589,1.2706576514808883
attention_zm,0.75,4,625,2000000,146.2517927072702,-591.5724044769041,737.8241971841743,0.2018533097330739,0.9465725806451613,0.8347714563266885,-58.684115529060364,0.133626530983307,0.225,0.6838199702952988,0.9544561822568217,0.6835101115126763,-0.0002263478807126327,0.004268724858505416,0.00027801528027855915,0.0014627016164482157,0.11000908152951346,1.0,1.0,0,0.36650201612903227,0.2559576612903226,0.935694167229437,2.5028127834561373,1.1621582377089126
attention_zm,1.0,0,625,2000000,78.28461613193635,-691.1626589990432,769.4472751309795,0.1669993796475499,0.8765120967741935,0.9244420756063154,62.0281033590436,0.1668625500860927,0.32,0.9178041894035414,0.9542497204196069,0.742531343717729,-0.00023976343800660688,0.005860671733746317,0.0003691899070970184,0.0026313508050083935,0.18798540156454804,1.0,1.0,0,0.316945564516129,0.22188004032258066,0.9371868224201663,2.717334796228717,1.2675345534999525
attention_zm,1.0,1,625,2000000,125.30769773740923,-613.4430036737073,738.7507014111166,0.19332466087681835,0.9324596774193549,0.8479488313101953,371.4094701372087,0.35340722688317844,0.495,0.40066200416535136,0.9496888883652226,0.7289442225810021,-0.00024309304334875877,0.005384705695999562,0.00042239019652502024,0.0031723790354589716,0.17761136832977495,1.0,1.0,0,0.3541129032258064,0.24832661290322583,0.9354702326174704,2.6325801567829417,1.1683546438032097
attention_zm,1.0,2,625,2000000,145.37569556553518,-632.110668974538,777.4863645400733,0.19987918254899717,0.936491935483871,0.8667991889316229,486.0472044683993,0.3781653369366735,0.605,0.599836605542805,0.944058270223679,0.6796756841482655,-0.0002504881206631391,0.004665750169735955,0.00042170748551608643,0.0027334677453132146,0.21519413066487159,1.0,1.0,0,0.37008568548387105,0.2594052419354839,0.9372782686256593,2.467991265217143,1.1951725478770756
attention_zm,1.0,3,625,2000000,117.75751555831202,-688.518874660615,806.276390218927,0.18726740818286963,0.9304435483870968,0.8801484333843955,268.0035606920719,0.1998677253915306,0.48874999999999996,1.4454287629039027,0.94874727053027,0.7136552508800258,-0.0002442365744990615,0.004277538902111187,0.0003932733072824323,0.002602217745492576,0.14951769048648492,1.0,1.0,0,0.34757056451612905,0.24349798387096777,0.9381113620054338,2.590661129295345,1.2176192739738092
attention_zm,1.0,4,625,2000000,136.51130769521959,-535.8524512629355,672.363758958155,0.19617851127570854,0.9420362903225806,0.8455916069423961,-65.31953386217356,0.1290605243746875,0.22125,0.7143421384296379,0.9465706098464227,0.6674193382263182,-0.00024997713373963007,0.005470305200545971,0.00037575095196233887,0.0019828629075662294,0.1415874476274175,1.0,1.0,0,0.35841733870967746,0.2505645161290323,0.9349978827276537,2.5165375185493497,1.173546123068419
broadcast,0.0,0,625,2000000,-424.57187312264597,-717.3370931225438,292.76521999989785,1.884485474420968e-05,0.003528225806451613,1.9561585812607118,-454.00952500104904,0.0,0.0,1.973343066908419,0.9085424984655073,1.1373847782611848,-0.00019751700193923032,0.009447562144017698,0.0003552523195813048,0.0010129536253389586,0.06604314900093497,1.0,1.0,0,5.544354838709678e-05,2.5201612903225806e-05,0.8475410814054551,3.0520713268268493,3.8951421313516557
broadcast,0.0,1,625,2000000,-404.28189422911214,-730.6811496442364,326.39925541512423,0.0005783677500144597,0.02620967741935484,1.8317046984357217,-362.0889863818884,0.0,0.0,1.5898110276181252,0.9110761678987934,1.0735897852528478,-0.0002221847844850046,0.008539640023222808,0.0003796888855223171,0.0010971774173148701,0.07364641818548398,1.0,1.0,0,0.0015826612903225804,0.0008014112903225807,0.8742483122887149,2.9240029512730334,3.700149882608844
broadcast,0.0,2,625,2000000,-457.78697913981256,-729.1648490352015,271.377869895389,0.0003136409381462054,0.017137096774193547,2.0158579825585887,-95.08821939677,0.04623279376727467,0.09875,1.1146728987956886,0.8786533398012961,1.152616039591451,-0.0001753186485180661,0.01490775421562209,0.00024676952062676987,0.0006005544302341402,0.0592510190822424,1.0,1.0,0,0.0009375000000000001,0.0004737903225806452,0.8349265934574991,3.073471272876186,4.393905956052965
broadcast,0.0,3,625,2000000,-428.6880398685894,-736.7299252479307,308.04188537934135,0.0001357595789874547,0.010080645161290322,1.9870612430284096,-374.2086460068822,0.0,0.0,2.3835585641302166,0.8922889088430712,1.1232178691894776,-0.00018385100920569435,0.008115779617500839,0.000267974084197801,0.0006915322616365294,0.06343719940031724,1.0,1.0,0,0.0004032258064516129,0.00016129032258064513,0.8904738317670362,3.1070291462732897,3.860597920033239
broadcast,0.0,4,625,2000000,-382.45240993172894,-675.1612518987348,292.70884196700587,0.0008059441320038382,0.03881048387096774,1.7354082448444061,-436.47607892751694,0.0,0.0,1.5842911834828555,0.9005616268803996,1.1014500135375607,-0.00022052636213957646,0.010419029966297124,0.0004212723328967329,0.0014504032120502223,0.07613274542194218,1.0,1.0,0,0.0021421370967741934,0.0011693548387096773,0.8490034950548604,2.79981279577459,3.499453826969669
broadcast,0.25,0,625,2000000,82.42952480816072,-624.809603519978,707.2391283281388,0.1703800113622387,0.8886088709677419,0.9589340621593498,67.70968493819237,0.16948947358567437,0.31625000000000003,0.8658947235730011,0.920191764831543,0.7492288430852275,-0.00022138803023367268,0.006920252036633708,0.0003071181089231166,0.0013301915323843446,0.12933891012423457,1.0,1.0,0,0.3287550403225806,0.22519153225806451,0.9296284990829804,2.6279353755976893,1.3524893305883294
broadcast,0.25,1,625,2000000,90.33254457793889,-636.4241814459524,726.7567260238912,0.175311643658617,0.8996975806451613,0.943595585528641,365.0931140072644,0.33261825000752304,0.495,0.48819885498727666,0.9377712386269723,0.6931384490382285,-0.00023614147677375734,0.006217839146002833,0.0003754909250537088,0.0020674395245805204,0.13683004636437654,1.0,1.0,0,0.33735887096774186,0.23218245967741932,0.9167288732432549,2.6908293049734446,1.3265032661405782
broadcast,0.25,2,625,2000000,-232.64119085528316,-664.1266260685459,431.4854352132627,0.03493949344805064,0.4213709677419355,1.3692112821580902,-53.59345107898116,0.05504831066062315,0.09625,0.7460010795050767,0.9426635369177787,1.0407487111706886,-0.0002385308668263077,0.02169215702301547,0.00028075752126146294,0.0008041330701269981,0.061588630176359564,1.0,1.0,0,0.08137600806451613,0.056144153225806445,0.9116467883029292,3.0590937708943122,1.9039328949393763
broadcast,0.25,3,625,2000000,60.06092172788997,-684.4550393089171,744.5159610368071,0.15955856867609236,0.8780241935483871,1.001293105368893,254.95055582001805,0.1869871981941401,0.485,1.5938152255048044,0.9490253319663386,0.7586163380453665,-0.0002467888909704126,0.005615442305908397,0.00033324165024545055,0.0014753024150781844,0.11595682826854524,1.0,1.0,0,0.31494455645161296,0.21644657258064517,0.925190134654122,2.6552454094324385,1.421783333037409
broadcast,0.25,4,625,2000000,102.71844888598689,-591.1472407464058,693.8656896323927,0.17924766466610995,0.9042338709677419,0.9236762394107155,-97.40652230381966,0.11615401552561992,0.19999999999999998,0.7238586817553733,0.9376524715654312,0.7324194961017176,-0.00024784745078646565,0.006311350017635767,0.00037467717780576123,0.001886088700291166,0.16112610044618764,1.0,1.0,0,0.34074092741935486,0.23066532258064518,0.9270838560404314,2.5152909942115507,1.3202581047350845
broadcast,0.5,0,625,2000000,133.56419378855537,-645.8271036994073,779.3912974879627,0.19187668502008037,0.9430443548387096,0.9116853720502506,57.023502837866545,0.16236320541585864,0.32,0.9709368904773146,0.9508516317413699,0.7034098468480572,-0.00022476262380016656,0.004205413081593037,0.0003394446817451797,0.0018939012080203441,0.1432200709478028,1.0,1.0,0,0.36204637096774195,0.2524042338709678,0.9385383490689341,2.5952809149699823,1.225992202803252
broadcast,0.5,1,625,2000000,84.89698251937666,-573.5631254872968,658.4601080066735,0.17041474666498976,0.90625,0.9323991433855506,368.7979550473392,0.3418343139106664,0.495,0.4481879143801052,0.9444877505302429,0.8172489836331337,-0.00023882151825900167,0.007118646896654508,0.00025675408855511435,0.001166733872630532,0.10484072902510239,1.0,1.0,0,0.32627520161290324,0.22757560483870962,0.9355926406191241,2.770577154469587,1.261100758466749
broadcast,0.5,2,625,2000000,130.90270090259372,-609.1270881852796,740.0297890878733,0.1911144141427038,0.9349798387096774,0.8886388074774894,483.5263538733125,0.37903840733396016,0.60125,0.5862860384606756,0.9416223562532856,0.6416711729380391,-0.00023434136764885558,0.005271683636331704,0.0002947312668351095,0.0011374495947811178,0.10911382029974649,1.0,1.0,0,0.35790826612903215,0.2491784274193548,0.9382352098053501,2.483635858874167,1.2188014427836862
broadcast,0.5,3,625,2000000,120.48441633293706,-647.9599143843496,768.4443307172867,0.18833125344796933,0.9334677419354839,0.9026487877640513,249.7911227606237,0.18735639774319693,0.4775,1.5504844514268916,0.9497236032639781,0.7717555092227074,-0.00022542850170156355,0.004472613801819134,0.0002796973779408445,0.0011800907288429807,0.11317650745472596,1.0,1.0,0,0.3538659274193548,0.24905241935483874,0.9377102962520815,2.6230977286903125,1.2416035864970856
broadcast,0.5,4,625,2000000,116.60537257550224,-522.3065196006529,638.9118921761551,0.18302164825693848,0.9339717741935484,0.9154296544206237,-68.75736036151648,0.12627270570332919,0.22375,0.7720185385923832,0.9367364952641148,0.7462358085378523,-0.0002258355699383931,0.007104042328653752,0.00028951937584884664,0.0010406250050612722,0.10501010667893193,1.0,1.0,0,0.34609879032258056,0.24114415322580643,0.9329399911242144,2.6020800711695222,1.2407849605657881
broadcast,0.75,0,625,2000000,99.48601144600299,-686.398873582963,785.884885028966,0.17411672462242458,0.9238911290322581,0.9587775564253811,68.48615368455648,0.16211739824150367,0.32,0.9739404199871933,0.953003796838945,0.8256203721607884,-0.00021139864666271603,0.00690771047281277,0.00033014114304352786,0.001519909266426078,0.11034202262639034,1.0,1.0,0,0.33656250000000004,0.2348639112903226,0.9395608146344462,2.69230801258837,1.2827091485033593
broadcast,0.75,1,625,2000000,133.30879923172535,-559.8631455167647,693.17194474849,0.19365869048294745,0.9445564516129032,0.8880110445101895,364.3038330487907,0.3327267626641094,0.495,0.48774983536917715,0.9456555276147781,0.6922617097054758,-0.00023978321659971576,0.005535016230292446,0.00035440503782158274,0.0016855846722225098,0.126375293929971,1.0,1.0,0,0.3627167338709677,0.253835685483871,0.9371299389773797,2.6458737628858895,1.1981403221033755
broadcast,0.75,2,625,2000000,127.9647348104946,-643.7101624242721,771.6748972347667,0.19251266466323788,0.9284274193548387,0.8822611592637916,471.5478081405163,0.36509702223844775,0.59375,0.626311977262958,0.9456188909469112,0.6418089734931146,-0.00020761749551190793,0.004794218600727567,0.0001873160890474556,0.0006091733905885453,0.07852236246990575,1.0,1.0,0,0.35905241935483867,0.2522782258064516,0.9361600364600458,2.5448381005708254,1.220944892613878
broadcast,0.75,3,625,2000000,96.73066642688167,-688.2952737808228,785.0259402077045,0.17622444777310117,0.9203629032258065,0.9108462240703163,-45.81495610997081,0.07397028751336551,0.19624999999999998,1.652808477510698,0.947438556340433,0.7453763067722321,-0.0002033431938654411,0.004494615623937688,0.00020264654313130662,0.0006305443532666134,0.08507926961587318,1.0,1.0,0,0.3330191532258064,0.2318548387096774,0.9375835678173652,2.6635586648482463,1.2563145821974162
broadcast,0.75,4,625,2000000,130.31692149514151,-543.9144814052889,674.2314029004305,0.1897383220440788,0.9420362903225806,0.8950939358182012,-83.94819211401045,0.11766906858229505,0.20750000000000002,0.7629289851593786,0.9422171231239073,0.6695725190062679,-0.0002544914684449889,0.0056437045298215905,0.00038010823947388195,0.0019577117083005285,0.12235218317758649,1.0,1.0,0,0.3558215725806451,0.24911290322580645,0.9344024043506193,2.5653799985661614,1.2174249891408029
broadcast,1.0,0,625,2000000,137.9904844674372,-656.5643285551379,794.5548130225751,0.19716541117848882,0.9430443548387096,0.8703484542301346,65.78441781178117,0.1667881703833192,0.32,0.9186100868717767,0.9461725498399427,0.7011300590730483,-0.0002194083719547617,0.004555762561053112,0.0003064054846955033,0.0015855846729942713,0.1271465367066764,1.0,1.0,0,0.36394153225806447,0.25523185483870964,0.9395363329302879,2.5769042553055677,1.1912976525567713
broadcast,1.0,1,625,2000000,125.03031574910686,-583.8014486720485,708.8317644211554,0.1893542176410499,0.936491935483871,0.9032320543366575,365.51429437473416,0.3315385212084895,0.495,0.4933759999717585,0.9446410344493005,0.7310474991798401,-0.0002220246921149552,0.0053875603209880074,0.0003119874396903415,0.0017095766190381326,0.13451464932652246,1.0,1.0,0,0.3573941532258065,0.25070060483870965,0.9368246395068784,2.674885648609169,1.2173224547144865
broadcast,1.0,2,625,2000000,109.41438282016784,-619.7666874816341,729.1810703018019,0.18078363310000511,0.9233870967741935,0.9372898586118414,414.56110290437937,0.3215985461842654,0.5425,0.6872116474795621,0.9290712495003978,0.7253863053937111,-0.00019644105858057233,0.006265332792404872,0.00021135434407429138,0.0009042842749793668,0.09225431955269264,1.0,1.0,0,0.34714213709677416,0.24311995967741934,0.9384901059154542,2.613048004411881,1.2782206293195486
broadcast,1.0,3,625,2000000,98.9850208533387,-701.6980589205219,800.6830797738606,0.17774695821658973,0.9178427419354839,0.9178628543668217,267.2784590497613,0.20144597812255238,0.49,1.4324633770016952,0.9444235024913665,0.7624630420438704,-0.00023916793336940415,0.004412993113134728,0.00030581399521337975,0.0013926915353060121,0.12111623986594136,1.0,1.0,0,0.3363760080645162,0.2361391129032258,0.9373488325553555,2.6817268439718793,1.2657070586806347
broadcast,1.0,4,625,2000000,105.9164233005816,-551.199070722826,657.1154940234077,0.17892163261554095,0.9233870967741935,0.9094133520270549,-63.143766863271594,0.13054904804824388,0.22375,0.7141250250907615,0.9326653345938651,0.7703852569864642,-0.00020126712142621298,0.006720505392689565,0.00022764324157794195,0.00109148185769766,0.09848646383372042,1.0,1.0,0,0.33781754032258066,0.23529233870967742,0.9338306876920883,2.6283114850833535,1.2487039274626202
broadcast_zm,0.0,0,625,2000000,-508.0294938548919,-713.435448292763,205.40595443787112,1.3681788904686195e-05,0.0020161290322580645,2.1585699150831466,-502.7867134511471,0.0,0.0,1.8822080271132289,0.907694302258953,1.2836572193330331,-0.000127253092838894,0.013624313521769685,0.00012032844472412716,1.1038306183762496e-05,0.04466298563526037,1.0,1.0,0,4.032258064516129e-05,2.0161290322580645e-05,0.8632985703214522,3.0657264389722574,5.44151834972443
broadcast_zm,0.0,1,625,2000000,-508.0016072680873,-709.8778160310561,201.87620876296882,0.00011757195134430119,0.009072580645161291,2.142477935418006,-530.9838765859604,0.0,0.0,1.7943145386129618,0.9269055406893453,1.2574053341342557,-0.00016179656810219562,0.01443331298388296,0.00025251758431977584,0.00043634072601213996,0.054988619808347926,1.0,1.0,0,0.00036290322580645164,0.00012096774193548388,0.8523949123870942,3.1241249698208224,5.388265604319112
broadcast_zm,0.0,2,625,2000000,-523.1823308660138,-731.6788537963744,208.49652293036058,2.748199682969442e-05,0.0025201612903225806,2.1335421734952154,-279.44232519716024,0.0,0.0,1.053653949566069,0.8986642687551437,1.2447429958851108,-0.00014640101161705546,0.01956048393922462,0.00016953870540095746,0.0001362399212256002,0.04808059956337652,1.0,1.0,0,8.064516129032258e-05,6.0483870967741935e-05,0.8086593107398478,3.0572411550581453,5.659086061831443
broadcast_zm,0.0,3,625,2000000,-509.665363183185,-734.3941650621352,224.72880187895026,4.4773898792208065e-05,0.0025201612903225806,2.1580650469276215,-435.5353016704321,0.0,0.0,2.6216141502559185,0.9107118470053519,1.2748342189096635,-0.00016174183702587623,0.01396382505735077,0.0002210364106604529,0.0001940524171239246,0.049730677812570484,1.0,1.0,0,0.00014616935483870966,7.560483870967744e-05,0.8807856101278337,3.0357111500443956,5.41506937415369
broadcast_zm,0.0,4,625,2000000,-507.58972754017,-686.1442751038459,178.5545475636759,4.858850768757416e-06,0.0010080645161290322,2.1706487049787273,-482.58687899261713,0.0,0.0,2.229647837616503,0.9135898861192888,1.1942046250066451,-0.00015602659667096066,0.015757031940043888,0.0001505362458802848,5.105846813098603e-05,0.0462144515867675,1.0,1.0,0,1.5120967741935484e-05,0.0,0.8459044165572812,3.031153521268598,5.590531033854331
broadcast_zm,0.25,0,625,2000000,-44.80521736594458,-618.4809323972271,573.6757150312825,0.1352620860699927,0.6990927419354839,0.9738495456487423,12.71325221285224,0.17101118475451643,0.32,0.8712304108438548,0.9448144205154911,0.9828520367222449,-0.0002477246845897837,0.010628589530355217,0.00045481235553060514,0.001933518143179669,0.1432251212998263,1.0,1.0,0,0.26121471774193555,0.16343245967741937,0.8974294767552807,2.6638925049261704,1.7779763446796324
broadcast_zm,0.25,1,625,2000000,-0.9138320911405314,-585.9606092687576,585.0467771776171,0.14840709648148703,0.7535282258064516,0.9455674222532299,358.67377629876137,0.3256077645044509,0.49,0.5049535071686841,0.9400585505270189,0.8208277614847306,-0.00023987399617421624,0.01016760253903241,0.0004737066300435339,0.0023010080674148357,0.1861925416055225,1.0,1.0,0,0.2848286290322581,0.1823941532258064,0.8823099481963345,2.591225297128962,1.6380802187179364
broadcast_zm,0.25,2,625,2000000,-94.08219825308169,-652.7826772735965,558.7004790205149,0.10808329178411194,0.6542338709677419,1.0701961505653395,487.741021938622,0.3859878139194341,0.605,0.5674144282127963,0.9583237421128058,1.0655698020612039,-0.00023465310244679807,0.01613157559036002,0.0004272002222458837,0.001745514110030654,0.11109659793155804,1.0,1.0,0,0.219601814516129,0.14261088709677422,0.8604299070854341,2.655996062044174,1.9478607407140154
broadcast_zm,0.25,3,625,2000000,-41.87513697988564,-674.0466308055386,632.171493825653,0.1362708941643494,0.7056451612903226,1.0126239457606308,247.9953910149634,0.19552256283523117,0.48375,1.4741466848389246,0.9543598073144113,0.9440880495694375,-0.00021114306463495226,0.00870064489258028,0.0003409337393639907,0.0009940524200095044,0.12436864480616582,1.0,1.0,0,0.26848790322580646,0.17317540322580646,0.8706531214810188,2.62147967014582,1.931356639857254
broadcast_zm,0.25,4,625,2000000,-11.678899079561234,-595.3496499292312,583.67075084967,0.1509564625040516,0.7036290322580645,0.9297801894093713,-232.2676811106503,0.0641067874377608,0.11,0.7160121778282337,0.9459965584739563,0.9737234730874339,-0.0002771821826105829,0.010132935043093852,0.000590629689577767,0.0032412802423594385,0.19814633399608636,1.0,1.0,0,0.28579637096774196,0.17903225806451611,0.8884821842082083,2.513222049028883,1.8476598432407747
broadcast_zm,0.5,0,625,2000000,139.14780867195898,-623.1464393446522,762.2942480166112,0.19994199535886903,0.9380040322580645,0.84494600094975,77.75946395471692,0.17626961181861683,0.32,0.8154158198600634,0.9498886292980563,0.7616285227960156,-0.00026216698288949607,0.004687693523197948,0.00046108299544454296,0.0023843750115525894,0.19922283521342657,1.0,1.0,0,0.3640675403225806,0.25364415322580647,0.9388947722027379,2.5463891254846116,1.169233870259937
broadcast_zm,0.5,1,625,2000000,120.69880394253039,-572.992813421834,693.6916173643643,0.19103797493670477,0.9329637096774194,0.8662075859067901,359.0186231844127,0.32411424600276506,0.49250000000000005,0.5201180004468188,0.946119224832904,0.7295182012742566,-0.00021715511887808212,0.005587259902348392,0.00037772282732463695,0.0024226814555438083,0.18664427571479353,1.0,1.0,0,0.3533467741935484,0.24742439516129033,0.9362471625401128,2.668668493799144,1.1911104567625348
broadcast_zm,0.5,2,625,2000000,142.7869702642483,-592.4461802282641,735.2331504925124,0.20018765848030806,0.9359879032258065,0.8686054129874513,487.23489105701447,0.3821236828002318,0.605,0.5832689603912877,0.9435051391201634,0.6847290599538435,-0.00021109018028093508,0.004780785381914096,0.0003684260046961383,0.0021544858895022694,0.1571785143005752,1.0,1.0,0,0.37070564516129034,0.2595413306451613,0.9365042187033161,2.4935157625449285,1.2023125901938447
broadcast_zm,0.5,3,625,2000000,130.26314135664893,-659.6125603606624,789.8757017173114,0.19602493550410716,0.9344758064516129,0.866348742643191,267.225706204772,0.19811494788991424,0.49,1.4733221147692528,0.9481078540125201,0.7732309333739743,-0.00023745568040174175,0.004475222670307878,0.00038060187348106905,0.0024321068451993353,0.20952817761008777,1.0,1.0,0,0.3614566532258065,0.2534475806451613,0.9363263674897531,2.5923282583778904,1.2102191607497872
broadcast_zm,0.5,4,625,2000000,140.17271053742977,-502.5622547441913,642.734965281621,0.1978659703924987,0.9455645161290323,0.8613593536711508,-72.59253020957112,0.12689774798267334,0.22125,0.7436567681934685,0.9396218522902458,0.7669570219132207,-0.00022009043250878444,0.006294278784715079,0.0003387175430453077,0.0018791834672928082,0.14998925654518028,1.0,1.0,0,0.3644052419354838,0.2539818548387097,0.9320809758478594,2.542267860166969,1.1913056770628014
broadcast_zm,0.75,0,625,2000000,138.03107975675695,-680.3696598160651,818.4007395728221,0.19820157816027384,0.9410282258064516,0.8510847629041922,69.48821043223143,0.1658498139874029,0.32,0.929540431011701,0.9487251139456226,0.7022593119452076,-0.0002256352737580388,0.004311602257357315,0.00041490778137073754,0.0023362399195379258,0.16317521724249087,1.0,1.0,0,0.3620463709677419,0.2521824596774193,0.9387478825257672,2.5455237155599937,1.1734227758501807
broadcast_zm,0.75,1,625,2000000,144.4851883433519,-567.7873064471829,712.2724947905348,0.20196074140343645,0.9455645161290323,0.8335044475849116,371.02436548285186,0.34792863954762887,0.495,0.4228684607427567,0.9399126652748354,0.6928503447963344,-0.0002494362005062907,0.005517415647139547,0.00040541834373277147,0.002266532259214223,0.1581734964744218,1.0,1.0,0,0.3671471774193549,0.25661290322580643,0.9364142132189968,2.558303002323354,1.143652579625768
broadcast_zm,0.75,2,625,2000000,129.19423243715877,-618.1564308366468,747.3506632738056,0.1910002864848838,0.9309475806451613,0.8746501373319374,487.5789821818471,0.3848945912755014,0.605,0.5718902030313621,0.9397277447485155,0.645549591606663,-0.0001861485728455519,0.005348301302236006,0.0002349639901108006,0.0009653225801640768,0.10524544538629628,1.0,1.0,0,0.35521169354838705,0.24872983870967744,0.9370140113849793,2.4806657583506837,1.2055897781817664
broadcast_zm,0.75,3,625,2000000,123.07671058802835,-654.3857992464497,777.462509834478,0.19155476850170866,0.9369959677419355,0.8707193904141746,269.4966227449477,0.20240691183348242,0.49,1.4209448009822518,0.9490216470533802,0.7561928491438589,-0.00021566062132995976,0.004120233188939019,0.0003026062996491255,0.0011909778186001507,0.1273518272104763,1.0,1.0,0,0.35381552419354834,0.24747983870967738,0.937515163421631,2.6101371087518435,1.2117959987468294
broadcast_zm,0.75,4,625,2000000,140.55947059777475,-546.763855891843,687.3233264896178,0.19950236099247426,0.9506048387096774,0.8521396399890222,-72.62629058212042,0.12918337457677326,0.22,0.7030429631052539,0.9461422927917973,0.6893136354223373,-0.00017783673126681908,0.0049477640464300554,0.0002098430291480625,0.0010267641147419444,0.10744067684657145,1.0,1.0,0,0.36551915322580636,0.25414818548387097,0.932686535235374,2.5657423751104265,1.1855897182851067
broadcast_zm,1.0,0,625,2000000,137.29563229795426,-662.4979842324411,799.7936165303954,0.19887967625634506,0.936491935483871,0.8471039679694561,72.01507998257875,0.17266119849646516,0.32,0.8533687066705897,0.9430099398859085,0.7333059557983952,-0.0002130527591143245,0.004893352345548404,0.0003446418252909149,0.0015962701623133818,0.1566896130541159,1.0,1.0,0,0.36237903225806456,0.25268649193548387,0.9384109011004047,2.5671427761378784,1.1712026313920654
broadcast_zm,1.0,1,625,2000000,133.48457633872187,-571.5500695936141,705.0346459323359,0.19696328349368944,0.9415322580645161,0.8472637923542531,357.0323187112808,0.3233812317094313,0.48875,0.5124927841522731,0.94466826223558,0.7557963874070874,-0.00018966551992316983,0.005419487993968907,0.0002602735120994241,0.001220766133683909,0.13358798948146636,1.0,1.0,0,0.36083669354838704,0.252273185483871,0.9371515399217606,2.6240518824684047,1.163556689337617
broadcast_zm,1.0,2,625,2000000,105.7263301793606,-624.2041817095972,729.9305118889578,0.1812718420598388,0.9238911290322581,0.8969583265699684,457.413203869015,0.3562930542149224,0.5825,0.6349723984888987,0.9354137864805037,0.6991629383256358,-0.00019529944578487805,0.005716501427589,0.0001853292166393293,0.0004998991920259554,0.07469348241725272,1.0,1.0,0,0.34060987903225803,0.23940020161290324,0.9375598054547464,2.582349264664996,1.2410479546686817
broadcast_zm,1.0,3,625,2000000,122.42038031907812,-689.8070301163581,812.2274104354362,0.19052908798664764,0.9314516129032258,0.8835863909437771,262.1258046850562,0.19854854121805116,0.485,1.4427512030210345,0.9454053765343081,0.7199402448631101,-0.00020442223567293774,0.004500485904094142,0.0003194049966253519,0.0015116935529505856,0.14050544011857238,1.0,1.0,0,0.35467237903225807,0.2488104838709677,0.9379047083854674,2.633077941676301,1.220770925094764
broadcast_zm,1.0,4,625,2000000,140.75524441994006,-538.2544941825251,679.0097386024652,0.19918159232765956,0.9445564516129032,0.8372269433856973,-65.0330348238349,0.1331143214908351,0.2225,0.6714831010613125,0.9350043362186801,0.6972804969356905,-0.00021309942760555376,0.006271614215426821,0.0002659788087881436,0.0007399697608683621,0.0919965794670485,1.0,1.0,0,0.36203124999999997,0.25267137096774195,0.9336002731515515,2.517396769703876,1.1652407222313266
graph,0.0,0,625,2000000,-448.2463347508061,-731.0818797388384,282.8355449880323,0.00013387219348933284,0.012096774193548387,2.3370422816468825,-499.6456796824932,0.0,0.0,2.2224227729532866,0.8660607635974884,1.0895466323821776,-0.0007406592522029599,0.01398315139550471,0.0003817936760643546,0.0023116935429096127,0.1031434954174103,1.0,1.0,0,0.0004485887096774194,0.00017641129032258066,0.9108540165520483,3.5359130526550353,3.8418910413403657
graph,0.0,1,625,2000000,-467.4545585032432,-722.6173462098644,255.1627877066212,6.657105277853119e-05,0.007056451612903226,2.5342078616926753,-372.503174751997,0.0,0.0,1.967417424786836,0.9033898865022967,0.9689947411898645,-0.0008401098966159193,0.012853093811821502,0.00039451233943995425,0.0023104334725259,0.10604931582366263,1.0,1.0,0,0.0002268145161290323,0.0001310483870967742,0.8872480248635817,3.8906106199949018,3.8600527413814287
graph,0.0,2,625,2000000,-463.1398056284074,-720.1912498704849,257.0514442420775,3.343444428422034e-05,0.004032258064516129,2.42456357361809,-290.51841127872467,0.0,0.0,1.6807756504602729,0.8671695416973483,1.06609687189902,-0.0008994766651355581,0.016689044064391475,0.00040166883991456936,0.0025086693543691038,0.11800535967753775,1.0,1.0,0,0.00011592741935483871,6.55241935483871e-05,0.8925734860377927,3.671757086188562,3.884079545082585
graph,0.0,3,625,2000000,-431.9742010163684,-741.6862413267935,309.7120403104251,0.00031041475375636154,0.014616935483870967,2.1100712313767405,-447.5912199988961,0.0,0.0,3.3816328572900964,0.8891698814207508,1.0113923857288978,-0.0008010931792881435,0.00916992185351945,0.0004255110663648149,0.0025854334622987694,0.1186989031611911,1.0,1.0,0,0.0009375000000000001,0.0004536290322580645,0.8908021724993184,3.2873525701511284,3.7704943984170116
graph,0.0,4,625,2000000,-391.4776680771742,-679.6353626481948,288.1576945710206,0.0012144591663771436,0.049899193548387094,2.0438014542671943,-478.81871727108955,0.0,0.0,2.479740664572455,0.897702282474887,0.9083088989219358,-0.0008691018311257095,0.009419981282835234,0.0005753303335282452,0.004014364918199785,0.1282502773067643,1.0,1.0,0,0.0036139112903225807,0.001995967741935484,0.8833540154080237,3.1518166077617673,3.417077553272247
graph,0.25,0,625,2000000,-56.346013766382974,-630.9174573113842,574.5714435450012,0.11001063577380232,0.7409274193548387,1.1081698533291777,-100.53244463913143,0.08025633611549865,0.28875,2.599017381430604,0.9459240042394207,0.7302581976498327,-0.0010414752240389643,0.009878742588954303,0.0005726672594029583,0.0040787802488744885,0.18167832986481722,1.0,1.0,0,0.22732862903225803,0.15005040322580646,0.9288890114811159,2.7590512934879907,1.6480852609271968
graph,0.25,1,625,2000000,-12.338768922483489,-652.7439430759799,640.4051741534964,0.12526876658207037,0.8185483870967742,1.036853898901853,138.8469928521663,0.17864946346702554,0.27875,0.5611420512665063,0.9469972550868988,0.6910793713023587,-0.0009245479532000307,0.007928286473296771,0.0005595958498300155,0.0040706653251735125,0.17703677140656976,1.0,1.0,0,0.25288810483870966,0.1716078629032258,0.9255508778748973,2.7309944638009025,1.4674558584392072
graph,0.25,2,625,2000000,-64.75133859185922,-645.862153806994,581.1108152151348,0.10030079824264089,0.7389112903225806,1.0996385353106644,217.79478146135807,0.20593317867654257,0.3525,0.713906938690925,0.9299005817982459,0.7917305221480708,-0.0008857831850893355,0.015261780951292232,0.00046718173808212797,0.0031141129162161104,0.15725618759470603,1.0,1.0,0,0.20810483870967741,0.13978830645161291,0.9299597204019947,2.6423477140381455,1.5963951276074493
graph,0.25,3,625,2000000,-155.41485523826051,-615.660206179465,460.2453509412045,0.06594853939267994,0.6043346774193549,1.300499344903135,-284.3433526158333,0.001991184872222075,0.00625,2.140452968776226,0.9536801220909241,0.781143603690209,-0.0009784163692658288,0.01290821143906678,0.0005568076662172389,0.004234374995341458,0.186002846915395,1.0,1.0,0,0.14886088709677417,0.10087701612903224,0.9227952612888428,3.0302956334669737,1.8105239737466459
graph,0.25,4,625,2000000,-64.26357267863087,-600.9824536538894,536.7188809752585,0.09806807484599445,0.7787298387096774,1.1345960323945172,-351.17767446674407,0.011804685962832524,0.0225,0.8961435352195986,0.9298861199809659,0.8080464871660354,-0.0007689908210390338,0.01853908864450787,0.000347898596855431,0.0016463205647185418,0.1111905384928949,1.0,1.0,0,0.2062752016129032,0.14096774193548384,0.9225360452071313,2.770432786903074,1.5826442707762605
graph,0.5,0,625,2000000,-48.016890989856854,-670.6099673394234,622.5930763495666,0.09823952040667003,0.7852822580645161,1.115698223878299,-220.79214302450418,0.026487020152959277,0.06375,1.4070267406152563,0.96019660657452,0.6438003824603172,-0.000887032188212479,0.009750636072919436,0.0005980057103502483,0.004509727831294041,0.19520514727600155,1.0,1.0,0,0.20534274193548385,0.1433114919354839,0.9380307166326433,2.847053125296389,1.4405435546343368
graph,0.5,1,625,2000000,28.1356274432713,-612.919873414501,641.0555008577724,0.13430662271900878,0.8926411290322581,1.1076615021762348,-152.82995537295938,0.026365857604004825,0.04875,0.8616348314960487,0.9596660656313742,0.6342516426117188,-0.0007632475023254501,0.00659708669183831,0.00044420318862619106,0.0029303427431342263,0.13197268796784262,1.0,1.0,0,0.2810635080645161,0.19643145161290324,0.9364869373748381,2.846291245911871,1.4349478905792197
graph,0.5,2,625,2000000,-47.45393202345698,-611.8997264831297,564.4457944596727,0.0984049947294157,0.7797379032258065,1.131020628927696,271.5879267305136,0.22968723455173623,0.41,0.7880306522082537,0.9447018571438328,0.7367466159405246,-0.0006815925204985789,0.015131543150111497,0.0004698315491054458,0.0030373991910011447,0.13696864282171567,1.0,1.0,0,0.20733870967741935,0.14501008064516127,0.9362046790507532,2.788558724524994,1.4684890928023286
graph,0.5,3,625,2000000,-42.15718534252336,-660.9951478358238,618.8379624933004,0.0997616163054753,0.8084677419354839,1.207415236381273,-246.05622865632176,0.011040877977910325,0.0325,1.9428951874910854,0.9470305337059882,0.624585844239881,-0.0010011660106645582,0.010294916163829495,0.0005666163322808562,0.004213911298058699,0.1726879005350412,1.0,1.0,0,0.21704133064516132,0.1535735887096774,0.937708856059659,2.87198103959522,1.541602070843501
graph,0.5,4,625,2000000,23.074451591819525,-551.9537614622424,575.0282130540619,0.13009580135177032,0.8477822580645161,1.0754609499246843,-109.46620838344097,0.09818654979851596,0.205,1.0893148046755232,0.9446434195964567,0.6825736394812983,-0.0007431908789818162,0.009509281416784083,0.000556243102030698,0.004253326613052729,0.24607620576937353,1.0,1.0,0,0.26659778225806446,0.1862046370967742,0.9338774905377819,2.731111288383122,1.4091388668816893
graph,0.75,0,625,2000000,8.044667801609442,-704.1420734543955,712.1867412560049,0.1266922679908032,0.8568548387096774,1.0367039719512385,13.069235008209944,0.13439567185283502,0.2675,0.991244384906022,0.9481670298883992,0.658015777891682,-0.0007800191291883227,0.008607550640590433,0.0005131882661786772,0.00358896169108765,0.15132235222526128,1.0,1.0,0,0.2544556451612903,0.17764112903225807,0.9376037293480287,2.7823076824651607,1.3698985048623822
graph,0.75,1,625,2000000,-145.23048713875394,-615.2814706679313,470.0509835291774,0.0549684594091034,0.5902217741935484,1.2408849188493145,-75.05354330316186,0.0568698209483228,0.10125,0.7804990720411297,0.973423675183327,0.6124099003691829,-0.001013588577732134,0.01380890950770863,0.000763113444570942,0.006302368955737333,0.2667318085508962,1.0,1.0,0,0.12213709677419357,0.08414818548387097,0.9350792478649846,3.0501974904200724,1.5608950568639466
graph,0.75,2,625,2000000,38.10566801962353,-629.0723449491685,667.178012968792,0.14011097994065425,0.8941532258064516,1.0435702067036783,89.31564845889807,0.13143262050940932,0.23124999999999998,0.7597869863593951,0.9482015006003841,0.6904457062482834,-0.0006205981086826693,0.0069497892925995935,0.00044751683417303237,0.003195514120254196,0.1821325025130664,1.0,1.0,0,0.28384072580645164,0.19866431451612906,0.9372372257421094,2.6731372316974786,1.383637854377589
graph,0.75,3,625,2000000,-142.59726586691554,-680.3723443092838,537.7750784423682,0.06044426502637453,0.6305443548387096,1.281175381034132,-272.19899328425527,0.022350512584219252,0.06625,1.9772602800512686,0.9348502159118652,0.7607270987764483,-0.0008405379458365081,0.014884702688563695,0.0004849970091084844,0.0035633064597042335,0.13757112812130678,1.0,1.0,0,0.1358719758064516,0.09455141129032259,0.9370485737150716,3.1222444942978123,1.6405985323988619
graph,0.75,4,625,2000000,96.25698504044163,-570.8391463064378,667.0961313468795,0.17079969689030863,0.9279233870967742,0.927393372294403,-93.74465545080602,0.11678848233758479,0.2075,0.776993113871431,0.948376024923017,0.6931497358506726,-0.0006727802913869597,0.006887349764245603,0.00048713229328833295,0.003445614918881207,0.1458584868379177,1.0,1.0,0,0.3254284274193549,0.2269203629032258,0.9346738618612287,2.6057573007431722,1.254150521119516
graph,1.0,0,625,2000000,-256.6119023244828,-689.6268695092971,433.0149671848143,0.019533044351909362,0.2918346774193548,1.494569100006934,-52.57855437323451,0.11063617959482484,0.23,1.0974247532803565,0.9529660863261069,0.8415274339337505,-0.0007675717949810661,0.011531564892239575,0.000548199824464852,0.003761643150010594,0.13806160460076022,1.0,1.0,0,0.04798891129032258,0.033125,0.9378550253375884,3.4032339734992676,1.8580256461135805
graph,1.0,1,625,2000000,-62.47467121361725,-637.9857769320088,575.5111057183915,0.09689510521521612,0.7918346774193549,1.0694847554533233,334.89806829951704,0.30410294977104624,0.46875,0.5418429488653782,0.947974625133699,0.8822559838333438,-0.0006235439738732839,0.015772680200696425,0.0004109344131327856,0.00283870968331377,0.12688734828224102,1.0,1.0,0,0.19868447580645163,0.13958669354838713,0.9367007914377797,2.987238240311704,1.4172837330881625
graph,1.0,2,625,2000000,-155.4958586465988,-624.303101131993,468.8072424853942,0.050271120629029525,0.5584677419354839,1.2284738938678654,-69.28296269103885,0.04273165283347105,0.0775,0.8137253432022407,0.942936239704009,0.7988194187802653,-0.00067276903280465,0.021060205189390967,0.00045130957644400245,0.0027464717781009217,0.11379733658846344,1.0,1.0,0,0.11095262096774193,0.07741935483870968,0.9365524619721597,2.884252890497446,1.5791874377958235
graph,1.0,3,625,2000000,-178.289668021273,-646.5642597060049,468.27459168473194,0.04494811495592875,0.5448588709677419,1.3035680836102659,-186.20069973915815,0.03170864764502122,0.09125000000000001,1.8793723448971287,0.9576504740022844,0.7645524597937061,-0.0008239933945516984,0.014269286718579978,0.0005590637942782291,0.004081955660072779,0.182493856381024,1.0,1.0,0,0.10225302419354837,0.07186995967741935,0.937021931871291,3.153353780450359,1.657561098515026
graph,1.0,4,625,2000000,110.76859220141365,-568.6984491271357,679.4670413285494,0.17931934311786812,0.9309475806451613,0.9087038822832606,-140.62157015129924,0.08534775879735093,0.16749999999999998,0.9628592378390022,0.9458716723226732,0.743045351101506,-0.0005525603856380547,0.0069774420308549535,0.0004447890096915685,0.002747177414658468,0.1295123503032711,1.0,1.0,0,0.3387348790322581,0.2369153225806452,0.9345132911974384,2.5941331303047557,1.2395914083490929
graph_zm,0.0,0,625,2000000,-527.5682370316598,-732.1406740219362,204.5724369902764,3.5731354955758065e-05,0.0015120967741935483,2.3123566036455094,-534.2192591130733,0.0,0.0,1.7394685160741208,0.9021552560790893,1.3344996494631614,-0.00020558238558778322,0.015515580246104775,0.00028172405744145276,0.0004467741938330214,0.04691716790679958,1.0,1.0,0,0.00011592741935483871,5.040322580645161e-05,0.8822833070158957,3.3398195155782084,5.267578803685404
graph_zm,0.0,1,625,2000000,-519.3090065847481,-736.5137297645692,217.20472317982114,5.726340467641618e-05,0.003528225806451613,2.302302695022475,-493.19600677490234,0.0,0.0,1.7109501969255505,0.9240514164970767,1.2381282179586348,-0.0002201090221676883,0.014754142550631346,0.00046588107917300834,0.0013930947479292805,0.06067454812507471,1.0,1.0,0,0.00019657258064516132,9.07258064516129e-05,0.8620068082790221,3.3059016696195442,5.408230615777352
graph_zm,0.0,2,625,2000000,-531.0601875282103,-731.4407274799962,200.38053995178586,0.0,0.0,2.260679381220572,-260.36689399182796,0.0,0.0,1.057439712435007,0.9039695003340321,1.315382105688895,-0.00018628690039832626,0.01741567163638045,0.00024543868228937013,0.00047479838966892307,0.05110374294341566,1.0,1.0,0,0.0,0.0,0.8743527187166676,3.22657506318823,5.406798348196093
graph_zm,0.0,3,625,2000000,-550.8265121636853,-743.2123725721913,192.385860408506,5.119264693658707e-06,0.0010080645161290322,2.6427930960443713,-537.7397903800011,0.0,0.0,3.0060710106790065,0.921730580829805,1.324794417427432,-0.00020259063596166673,0.02379106569794873,0.00037180738695351707,0.0009022681519361823,0.05391130405027537,1.0,1.0,0,2.0161290322580645e-05,5.040322580645161e-06,0.8712687614271718,3.7214370184367707,5.285005204869856
graph_zm,0.0,4,625,2000000,-511.9162081979936,-693.7102268280521,181.79401863005847,2.0628250833389496e-05,0.0030241935483870967,2.2044961207047584,-588.1430357843637,0.0,0.0,3.1797779525071386,0.903741128021671,1.2339324935790033,-0.00021701909648266004,0.029366745283046024,0.0005105440846868945,0.002062802407858846,0.0710037497863654,1.0,1.0,0,6.55241935483871e-05,2.0161290322580645e-05,0.8281185574493101,3.160761581611249,5.380005380607421
graph_zm,0.25,0,625,2000000,-28.749552087918406,-639.6090181642963,610.8594660763779,0.14212101190808493,0.7137096774193549,0.9827655673832182,13.11905149742961,0.1756741188541061,0.32,0.8215596699365414,0.9512252644185097,0.8689345091581343,-0.00035572856740090955,0.008551283299382125,0.0008341705579648105,0.005672076605644074,0.27727292205297166,1.0,1.0,0,0.27596774193548385,0.17682459677419354,0.8814559735982649,2.6300681731633597,1.8587805367357306
graph_zm,0.25,1,625,2000000,-89.38017613083244,-665.6324856819645,576.252309551132,0.10629268161643671,0.6386088709677419,1.064037845704344,333.2426479458809,0.32465951302259294,0.46499999999999997,0.4319438849377911,0.9646663252384432,0.9264716175294692,-0.00032155445824956345,0.009463422338388087,0.0007669785133811601,0.004646169357604935,0.22839283816997077,1.0,1.0,0,0.21615927419354838,0.1384828629032258,0.8825281228653846,2.7476585969665357,1.8202677360946131
graph_zm,0.25,2,625,2000000,-95.65623998840249,-655.7761972950351,560.1199573066326,0.10967816674761742,0.6486895161290323,1.0696336370105703,456.11313793435687,0.3530893502837081,0.58,0.6426619548862801,0.9452329912493306,1.0201537794643833,-0.00035978512977688303,0.0194764959340494,0.0007524479183111798,0.0046597782177770376,0.1751548680807313,1.0,1.0,0,0.22353830645161296,0.14540826612903227,0.8714372517505001,2.648035055372503,2.0417935772480504
graph_zm,0.25,3,625,2000000,-46.101980831233725,-667.2032591450599,621.1012783138261,0.13053862728934965,0.688508064516129,1.0068980281956255,228.44131616689265,0.16064099427749334,0.4725,1.9414113185671158,0.9610563881935612,0.9460942301058001,-0.00035871681683005805,0.008415883286074956,0.0007751236647325363,0.005404183453714269,0.25422475794630667,1.0,1.0,0,0.25688004032258066,0.16506552419354836,0.890676884295479,2.6460766833035216,1.7610454012525658
graph_zm,0.25,4,625,2000000,-16.691052835795187,-618.8460778151789,602.1550249793837,0.1477926308578436,0.7116935483870968,0.9348447601352968,-238.8454816415906,0.06316461312697932,0.11,0.7416292932769284,0.9427919185930683,0.873324180899128,-0.0003588459124444945,0.01017934790992684,0.0007949395958315234,0.005599092726627109,0.43893529624948585,1.0,1.0,0,0.28049395161290325,0.17683467741935482,0.8949899611165446,2.582169761215487,1.7667516525870848
graph_zm,0.5,0,625,2000000,73.09743803186763,-678.2329698762586,751.3304079081263,0.1619947432314811,0.8472782258064516,0.9268154837647754,74.19504166208208,0.1738057878912781,0.32,0.8411747205129358,0.9526933902694333,0.7427214595579331,-0.00033444008599048527,0.006712056549956913,0.0006158934124342397,0.004739768153018674,0.32947032970766865,1.0,1.0,0,0.3075453629032258,0.21382056451612902,0.9393577613849794,2.649132223915189,1.2550585488926982
graph_zm,0.5,1,625,2000000,124.61137068511978,-605.7725069984313,730.3838776835511,0.19186586998292884,0.936491935483871,0.8631037487257874,368.1272834762931,0.34193391713565,0.495,0.44764861643081527,0.9428554484921117,0.664110250626841,-0.00032558682773459825,0.00498836250419933,0.0006386797314365043,0.0047464717773172335,0.3582859931573752,1.0,1.0,0,0.354375,0.24815020161290324,0.9365402207547617,2.627281806553083,1.1811679484719233
graph_zm,0.5,2,625,2000000,139.45831902277084,-592.4483529444664,731.9066719672372,0.19969990635262186,0.9354838709677419,0.8461264693418579,487.3302864767611,0.3856436004094229,0.60375,0.565741530287778,0.9403695069974468,0.8109344195935033,-0.00033998279660964924,0.006042691207520855,0.0006148591028773023,0.004462247976968432,0.28974566611070784,1.0,1.0,0,0.3653729838709678,0.2563608870967742,0.9360585104265519,2.46501316644011,1.1784637865580383
graph_zm,0.5,3,625,2000000,115.72385720860574,-657.54313134378,773.2669885523858,0.18680991986472165,0.9193548387096774,0.8817604754180197,259.6659303754568,0.19531232266595552,0.485,1.483180735264905,0.9542105409406847,0.7415103149029518,-0.0003459179041422043,0.005039212286412179,0.0005808901730533852,0.0033632056544158477,0.20500533734598464,1.0,1.0,0,0.34714717741935486,0.24421874999999996,0.9365740631280407,2.596957670363688,1.2221032137171397
graph_zm,0.5,4,625,2000000,133.46702451379068,-533.8345108051454,667.3015353189361,0.19538578310256316,0.9354838709677419,0.8507167096147614,-61.75820633769035,0.1350798671626923,0.22375,0.6563944186689332,0.9434074211505151,0.7288620948791504,-0.00034170950591830914,0.00602617469323314,0.0006877999181466612,0.004240120953293202,0.3005114311412458,1.0,1.0,0,0.35789818548387103,0.2490725806451613,0.9338011656749633,2.5413991045987894,1.185769589418365
graph_zm,0.75,0,625,2000000,93.46242297320596,-661.4643183215971,754.9267412948032,0.1742852063203264,0.9173387096774194,0.9099691923936049,70.27432494983077,0.1668886972161423,0.32,0.9175667549157516,0.946703105203567,0.7352707269691653,-0.00029623462634574045,0.005626051491051261,0.0005322419957687607,0.003935131049400897,0.24098107182691172,1.0,1.0,0,0.3282358870967742,0.22789818548387095,0.938350416950641,2.6725616105910275,1.2408485990714642
graph_zm,0.75,1,625,2000000,129.38815232967175,-589.2264150957907,718.6145674254624,0.19349780699719524,0.9380040322580645,0.8559885393155198,366.4188558906317,0.33765159300503866,0.495,0.4661271446663886,0.948155261816517,0.6844005935615107,-0.00033708371758795137,0.005125482539240702,0.0007286520971389197,0.004872832654262024,0.25019018997348125,1.0,1.0,0,0.3559979838709677,0.24771169354838715,0.9361917192609079,2.6103237769536434,1.166966913372519
graph_zm,0.75,2,625,2000000,133.38152430470913,-587.3294924305332,720.7110167352423,0.1954337767922139,0.9359879032258065,0.8660158077483215,488.34862510859966,0.38712624264582446,0.605,0.5628074810595717,0.9420075781883732,0.7237002840926572,-0.0003071994903044816,0.005249270042704916,0.0005587043397801217,0.0037900705677055323,0.23839293459971098,1.0,1.0,0,0.36160786290322583,0.25328629032258065,0.9371717015870157,2.5046674846305006,1.2029131844940202
graph_zm,0.75,3,625,2000000,47.253936404662745,-668.777205474915,716.0311418795778,0.15186645936094437,0.8634072580645161,0.9629862265360933,269.59237083792686,0.20398342045899795,0.49,1.4021587484842168,0.9613647710892462,0.743368086795653,-0.00032273328800807384,0.0065651559901813835,0.0006031078829182622,0.0040814516091783985,0.18776995950648856,1.0,1.0,0,0.29336693548387094,0.2052721774193548,0.9375000423289115,2.767017459564152,1.3199220820300042
graph_zm,0.75,4,625,2000000,128.4086574479457,-563.8070386532814,692.2156961012272,0.19210128836533683,0.9400201612903226,0.8517933295715241,-71.96929976716638,0.12340798299467295,0.21875,0.7726362227741629,0.9441859808660322,0.6748820730755405,-0.000288657539298831,0.005352911002738654,0.0005107373103842338,0.0031280241964791473,0.1427109886201158,1.0,1.0,0,0.3519354838709678,0.24433971774193547,0.9346025776959235,2.543645256474133,1.1814435611533065
graph_zm,1.0,0,625,2000000,126.200079052679,-652.633770842706,778.833849895385,0.1933912242989205,0.9319556451612904,0.8510203865939572,76.99841510690749,0.17620427802987795,0.32,0.8160751245025313,0.9442202929527529,0.6573959717827458,-0.00036255782189448645,0.0052272617099656,0.0007414591539201848,0.005334778237756203,0.33782723798386505,1.0,1.0,0,0.35325100806451615,0.24602318548387098,0.9386319552025488,2.588776594155258,1.1782338544678306
graph_zm,1.0,1,625,2000000,44.31011348818579,-575.979609731705,620.2897232198908,0.14785463009180927,0.8256048387096774,0.938169547417952,371.09305181726813,0.35325131130797277,0.495,0.40127502468123566,0.9588246374360977,0.7345464587211609,-0.0002824651174903541,0.007307891091031358,0.0004906056489949891,0.0031790322689102058,0.18641280434545007,1.0,1.0,0,0.28413306451612913,0.19879536290322586,0.9349121970322823,2.749730454928452,1.2631415205112388
graph_zm,1.0,2,625,2000000,112.9694972619895,-627.5432668347513,740.5127640967409,0.18382630116272533,0.9294354838709677,0.8986849545915763,481.54886396601796,0.3774321702939417,0.60375,0.5996628561551915,0.9446695148944855,0.6506906865104553,-0.000277424685262143,0.005250749089229319,0.0004533894089335801,0.0030381048390593943,0.14227244683931903,1.0,1.0,0,0.345952620967742,0.24034274193548386,0.9360073870132047,2.5589166611096554,1.2399475834987337
graph_zm,1.0,3,625,2000000,35.42065910790716,-695.0618348890736,730.4824939969807,0.14615637943006515,0.8538306451612904,0.9801307758220262,16.68009723722935,0.09811434047927953,0.25,1.5543965406157076,0.9632039531584708,0.7951236949812983,-0.00031185165618691,0.007462375025234823,0.0005657810339976333,0.004093749989818072,0.18374316482654499,1.0,1.0,0,0.28538306451612905,0.20012600806451614,0.9374611604405988,2.8088526409311636,1.3419459779921081
graph_zm,1.0,4,625,2000000,128.2987409983912,-551.7995624676828,680.098303466074,0.19256983522487423,0.9415322580645161,0.8549567022535108,-61.55052622780204,0.13266492943006775,0.225,0.6960150344017892,0.9377018674727409,0.7065419332635018,-0.0002921180613338517,0.007174689435369978,0.0006159538641766224,0.003915423383084717,0.1600190695255033,1.0,1.0,0,0.3533266129032258,0.24520665322580645,0.9335232280435101,2.561893552671517,1.1878586410346532
identity,0.0,0,625,2000000,-508.0641929103482,-719.5186941777506,211.4545012674024,8.668981780737097e-06,0.0010080645161290322,2.028890311842965,-536.1586744785309,0.0,0.0,1.1697873068600892,0.8984425500515969,1.2690312577832128,-0.0001291200014958989,0.017100488876683525,0.00013751377903048267,2.762096773949384e-05,0.04728048054140898,1.0,1.0,0,2.5201612903225806e-05,1.5120967741935484e-05,0.8826670913638607,2.9404268239294327,5.578230635812205
identity,0.0,1,625,2000000,-483.0444060409021,-704.7938330096583,221.7494269687562,0.00010501258851452001,0.008064516129032258,1.993932907014124,-429.559989541769,0.0,0.0,1.7908383435755968,0.9344302886916745,1.3145252258546893,-0.00011905784687798685,0.011543083530400023,0.00015299587914083598,2.6209678253495168e-06,0.04704359239267721,1.0,1.0,0,0.0003125,0.00012600806451612903,0.8409497793163021,2.8762137600058506,5.252944630038353
identity,0.0,2,625,2000000,-502.3772287907139,-702.7561475153892,200.37891872467532,2.0982864816335487e-05,0.0025201612903225806,2.1308244641029064,-289.6932809203863,0.0,0.0,1.4146168479323387,0.9156469866152732,1.3465425648996905,-0.00011895888722285819,0.016409196046691697,0.00013611888288501552,3.0241935746744273e-07,0.04353175219749246,1.0,1.0,0,7.056451612903226e-05,2.5201612903225806e-05,0.846665504680526,2.992608536121345,5.309134755403765
identity,0.0,3,625,2000000,-486.62856437698485,-738.119618961888,251.49105458490317,0.00015505884681873185,0.007560483870967742,1.940851523534905,-479.1395945549011,0.0,0.0,2.3633904805034396,0.9190467048075891,1.3010865319159721,-0.00012176066056129301,0.011411387256286506,0.0001349143721648955,6.552419607384851e-07,0.053329626230462855,1.0,1.0,0,0.00044858870967741935,0.00020665322580645164,0.8569225617474128,2.7949812715909177,5.184259509463463
identity,0.0,4,625,2000000,-506.79399771844186,-685.8516434469531,179.0576457285112,2.0285152141134485e-05,0.0020161290322580645,2.1397201751605155,-512.8916512429714,0.0,0.0,1.4105502812424673,0.8993827815978758,1.2045175398549728,-0.00011447096822342927,0.014816103102038423,0.00010794888452820066,0.0,0.04329561882862637,1.0,1.0,0,6.0483870967741935e-05,3.528225806451613e-05,0.8755659963815442,3.014899093643311,5.505408263244937
identity,0.25,0,625,2000000,-28.143977395949825,-636.8498157185893,608.7058383226395,0.14492828144922446,0.7096774193548387,0.9606900453255062,17.838581386953592,0.1712575299567544,0.3175,0.8539439711149317,0.9374350991941267,1.0541679680347444,-0.00016076260325397038,0.009625842083515856,0.00031219557617467766,0.0008629536282129219,0.1266488703568616,1.0,1.0,0,0.2775151209677419,0.1720362903225806,0.8913400468807068,2.636283490429482,1.8362336496119536
identity,0.25,1,625,2000000,-8.568197820666096,-600.6968016816724,592.1286038610062,0.1481527661662218,0.7358870967741935,0.948383624973076,359.62853587791324,0.33119283209877626,0.4925,0.4872393389465287,0.9510588261388964,0.899738809274089,-0.00016027754763370725,0.009339392562997628,0.0002826691523055828,0.0008698588730405762,0.12776542055991386,1.0,1.0,0,0.2847832661290323,0.18378024193548384,0.8683813764010705,2.5893985624827685,1.7638074642035266
identity,0.25,2,625,2000000,-24.207511612724872,-632.7285574713061,608.5210458585813,0.1430770102252033,0.7076612903225806,0.9749583447916855,470.6947191692889,0.35796091230108845,0.595,0.6622860522032715,0.9490620484275203,0.9669319954610639,-0.00017724383063871436,0.009707108882045502,0.00025487092519523117,0.0003805443556390505,0.12503633773134595,1.0,1.0,0,0.2784375,0.1784022177419355,0.8601195672346699,2.453096661358591,1.9587041433371843
identity,0.25,3,625,2000000,-35.40877536900582,-664.7713241346421,629.3625487656362,0.14296251145273828,0.6920362903225806,0.9764163624122739,264.1933830715716,0.20085673105835322,0.48874999999999996,1.4334406297787792,0.9419709742069244,1.0499435370968233,-0.00018723603035809646,0.009699549420826806,0.00028194157043168286,0.0007602318562050693,0.1290523094876158,1.0,1.0,0,0.27648185483870974,0.17385080645161294,0.8879450288703366,2.606709017719953,1.9085207213545516
identity,0.25,4,625,2000000,-13.672127482271001,-575.5472953434913,561.8751678612203,0.146835660373399,0.719758064516129,0.9413130053084703,-177.6488393843174,0.08463434405040225,0.145,0.7134061101521365,0.9454831615571053,1.0444433614130944,-0.00013843365063207798,0.010899869615452374,0.00022155342396639602,0.0002488407234434953,0.1158672770605452,1.0,1.0,0,0.2797127016129032,0.17653225806451617,0.8804831918881785,2.5091108150179346,1.7911402418993174
identity,0.5,0,625,2000000,151.64110688048024,-608.0398024474421,759.6809093279223,0.20737695593211217,0.9435483870967742,0.8263699644791984,77.66934757307172,0.1745072918482718,0.32,0.8338065737497528,0.9447952951154401,0.7740675753162755,-0.00016211695175438872,0.004401647909394142,0.00020758204202305641,0.0004004032261183145,0.11706122676691696,1.0,1.0,0,0.3738054435483871,0.2608366935483871,0.9378111020307387,2.514384790019643,1.148590361745127
identity,0.5,1,625,2000000,135.60588942804645,-575.661175058734,711.2670644867804,0.19752922731325254,0.9390120967741935,0.8444891431254725,369.6394121646881,0.34498079874974463,0.495,0.43511676955851725,0.9460865182261313,0.7832306634995245,-0.00017257324467789711,0.005234217281348117,0.00023039774619249437,0.0008050907262640219,0.12174237989970749,1.0,1.0,0,0.3612701612903226,0.25306451612903225,0.9352016555493878,2.5789398608308653,1.1570233875765434
identity,0.5,2,625,2000000,143.4340881234215,-565.6888647502468,709.1229528736683,0.20125335073798659,0.9354838709677419,0.8452784537067337,490.5907622911036,0.3903862817653494,0.605,0.5497985955397598,0.9356500266059753,0.806344096218386,-0.00019846581991978324,0.005726689682342066,0.00026079593083398815,0.0008914818540072193,0.11168798676301392,1.0,1.0,0,0.3682308467741936,0.2568699596774194,0.9350972483331157,2.452854163709187,1.17512129335514
identity,0.5,3,625,2000000,98.72387683391571,-640.5400752867422,739.2639521206579,0.178421667693307,0.9168346774193549,0.9027020964759491,264.7085435204208,0.19976385646894523,0.48624999999999996,1.4342256625194567,0.9443228735077766,0.8544671755644584,-0.00014676050566429265,0.0049853775973220955,0.0001514359543770144,0.00017424395300034778,0.09218051484034903,1.0,1.0,0,0.3350907258064516,0.2356804435483871,0.9371731417890518,2.660030218391649,1.2483797602836164
identity,0.5,4,625,2000000,141.11883855250574,-494.69458848622537,635.8134270387311,0.19980027194753744,0.9450604838709677,0.8496971019946279,-67.60131480917335,0.13074216525596077,0.22375,0.7114785177691374,0.9434675007097183,0.7369157863240087,-0.000148992551669347,0.005517156897563321,0.0002008543078232304,0.000619254029345835,0.1042518728983498,1.0,1.0,0,0.3653931451612903,0.25351310483870965,0.9330688790640523,2.542132246610859,1.1800371303349253
identity,0.75,0,625,2000000,155.27549658715725,-649.9853136154913,805.2608102026486,0.2076979400169161,0.9506048387096774,0.8306997411926427,77.17877187207341,0.17400653016341616,0.32,0.8391636677994393,0.9453616978660706,0.6993593303426621,-0.00016649913141719206,0.004316012559443546,0.00024890215396614496,0.000725252018239691,0.11512850527801817,1.0,1.0,0,0.37534274193548384,0.2619556451612904,0.9382013678646856,2.505080531330839,1.1478463780771817
identity,0.75,1,625,2000000,111.47204926177379,-551.48900028198,662.9610495437538,0.1866648347803318,0.9238911290322581,0.8543352500241131,372.6264013759792,0.3521294932156085,0.495,0.4058605026296572,0.9451593400970582,0.8282351101598432,-0.00014570334040367737,0.00647808216407049,0.00015199448121069027,0.0003778729840750084,0.08637942623707552,1.0,1.0,0,0.3430040322580646,0.23969758064516125,0.9360282687314095,2.669383962713182,1.1777739517018202
identity,0.75,2,625,2000000,143.0236865137854,-556.1645210942914,699.1882076080768,0.200938464451855,0.9390120967741935,0.8547654938577643,489.1334617435932,0.3886790961980392,0.605,0.5566194020549301,0.9318731148396769,0.7665736023456821,-0.00015831096640531257,0.006001209542756066,0.00018187963982043388,0.00046960685562693824,0.08410224727084556,1.0,1.0,0,0.3694304435483871,0.2584929435483871,0.9366748696854036,2.492079976537535,1.1902609424990032
identity,0.75,3,625,2000000,106.36310662329197,-672.679409380882,779.042516004174,0.18523486798117877,0.9198588709677419,0.8881160030694258,267.16921146400273,0.20593140816800728,0.49,1.3794661967206048,0.9439268833206546,0.8237678616277635,-0.00013220378579523295,0.0046901385382478265,0.0001298437459536928,0.00020806451708090359,0.08244584937009113,1.0,1.0,0,0.3451663306451613,0.2418598790322581,0.9382258488382063,2.6844263925595624,1.244322663600887
identity,0.75,4,625,2000000,130.37133950475723,-539.4917998121631,669.8631393169203,0.192857950199996,0.9420362903225806,0.8534787761227739,-66.17845275625587,0.13345827408930963,0.22,0.6484577966062351,0.9295506842674748,0.803590004867123,-0.00016182246796456832,0.006373376559255776,0.00019525128513890082,0.0004592741947494617,0.0948929093597877,1.0,1.0,0,0.3537802419354839,0.24595262096774193,0.9350605266709482,2.532364511650897,1.1862690267844067
identity,1.0,0,625,2000000,138.15319782110953,-665.0077834283152,803.1609812494247,0.19770265102977388,0.9445564516129032,0.8563390314639097,73.51737091690302,0.17125975586892167,0.32,0.8685667946620379,0.9384360053846913,0.7527140330883764,-0.00016214050227574846,0.004667385754686155,0.0002052405665722647,0.00043760080659392204,0.09607406520555092,1.0,1.0,0,0.3622278225806452,0.2527318548387097,0.9378759061136555,2.5485728745943597,1.1769088730792847
identity,1.0,1,625,2000000,131.26009099161433,-532.6348122127595,663.8949032043738,0.19624953775010176,0.938508064516129,0.8448217159353437,366.3402726817876,0.3379845589163763,0.495,0.4646010984887834,0.9446907552980608,0.7704909779371754,-0.00016839904230564216,0.00572699231636375,0.00020127308510479555,0.0006775705606243153,0.0978524481637343,1.0,1.0,0,0.35893649193548394,0.2502167338709677,0.9365834240278891,2.6193894728561564,1.1628178702006415
identity,1.0,2,625,2000000,117.56265793187964,-589.9023357206776,707.4649936525573,0.18856247876322488,0.9269153225806451,0.8803164952741035,488.0762661099434,0.3910231923353009,0.605,0.547232848611311,0.9338519948144113,0.8139917697637312,-0.00014537873293239182,0.00710657370096488,0.00014325741613107674,0.00035756048744058414,0.0711455175953526,1.0,1.0,0,0.3512802419354839,0.24564012096774188,0.936657588510744,2.5734440875474003,1.2250478709417003
identity,1.0,3,625,2000000,91.14930588079076,-672.3929383524003,763.542244233191,0.1777471315158858,0.9128024193548387,0.9065375591033408,265.96566230244935,0.20532437405047557,0.49,1.3864926289831057,0.9377056062221527,0.8475178343634452,-0.00012905172338067704,0.005253467666766292,0.0001314949938769964,0.00019934475957038804,0.0794344595182807,1.0,1.0,0,0.3341280241935483,0.2342489919354839,0.9372573872247051,2.735674351650861,1.2689965355961073
identity,1.0,4,625,2000000,156.64199144849854,-546.8952737392917,703.5372651877902,0.20801231353231098,0.9516129032258065,0.821845371830127,-66.86909816227853,0.1300503143435498,0.22,0.6916621470055543,0.952170007651852,0.7151330081685897,-0.00016449689781779724,0.004247055536947129,0.00017129430090487621,0.0003304435469838083,0.08453706002403646,1.0,1.0,0,0.3748739919354839,0.26059979838709674,0.9348437922327749,2.4820387629840166,1.147563017902355
